sample_id,model,method,prediction,probability,llm_sentiment,prediction_llm_agreement,topk_recall,jaccard,signed_cosine,evidence_mass,polarity_agreement,llm_match_score,xai_top_words,llm_evidence_words,sample_type
case_001,cnn,unigram_occlusion,positive,0.9897575378417969,positive,True,0.666667,0.5,0.606161,0.994883,1.0,0.659106,영화 | 정말 | 재미있어요,정말 | 재미있어요 | 추천합니다,custom
case_002,cnn,unigram_occlusion,negative,0.9862291812896729,negative,True,0.6,0.6,0.441302,1.0,0.666667,0.620326,지루하고 | 연기도 | 별로네요,스토리가 | 지루하고 | 배우들 | 연기도 | 별로네요,custom
case_003,cnn,unigram_occlusion,positive,0.9185996651649475,positive,True,0.6,0.6,0.688237,1.0,1.0,0.682059,지루했는데 | 정말 | 재미있어지네요,처음엔 | 지루했는데 | 갈수록 | 정말 | 재미있어지네요,custom
case_004,cnn,unigram_occlusion,negative,0.976716160774231,negative,True,0.5,0.5,0.54059,1.0,1.0,0.585147,각본이 | 너무 | 쓰레기네요,배우들의 | 연기는 | 명품인데 | 각본이 | 너무 | 쓰레기네요,custom
case_005,cnn,unigram_occlusion,negative,0.70521080493927,negative,True,0.375,0.375,0.182873,0.986197,0.333333,0.418648,같은 | 돈을 | 대단하다,이런 | 영화에 | 내 | 피 | 같은 | 돈을 | 쓰다니 | 대단하다,custom
case_006,cnn,unigram_occlusion,positive,0.8118757009506226,negative,False,0.4,0.333333,-0.136538,0.551861,0.0,0.306112,보면 | 좋은 | 훌륭한,수면제 | 대신 | 보면 | 딱 | 좋은,custom
case_007,cnn,unigram_occlusion,positive,0.9715786576271057,positive,True,1.0,1.0,0.637204,0.97951,0.666667,0.906227,개존잼!!! | 꼭보세요 | ㅋㅋㅋ,개존잼!!! | 꼭보세요 | ㅋㅋㅋ,custom
case_008,cnn,unigram_occlusion,negative,0.9990574717521667,negative,True,0.75,0.75,0.589009,0.989772,1.0,0.745718,시간낭비 | 다신 | 안봄,시간낭비 | 다신 | 안봄 | ㅡㅡ,custom
case_009,cnn,unigram_occlusion,positive,0.7318828701972961,positive,True,0.5,0.4,0.684989,0.81647,1.0,0.568718,지루하긴 | 한데 | 멋있음,스토리가 | 지루하긴 | 배우들은 | 멋있음,custom
case_010,cnn,unigram_occlusion,negative,0.9996144771575928,negative,True,1.0,1.0,0.847057,1.0,1.0,0.961764,개노잼임 | ㅡㅡ,개노잼임 | ㅡㅡ,custom
case_011,cnn,unigram_occlusion,negative,0.997015118598938,negative,True,0.5,0.5,0.666174,1.0,1.0,0.616544,알바들만 | 돈 | 아깝다,평점 | 알바들만 | 넘치네 | 진짜 | 돈 | 아깝다,custom
case_012,cnn,unigram_occlusion,positive,0.9975270628929138,positive,True,0.375,0.375,0.60488,1.0,1.0,0.52622,가슴 | 먹먹해지는 | 수작.,어설픈 | 신파보다 | 백배 | 천배 | 낫다. | 가슴 | 먹먹해지는 | 수작.,custom
case_013,cnn,unigram_occlusion,negative,0.9921754002571106,negative,True,0.6,0.6,0.606256,0.995236,1.0,0.660849,재미는 | 없음... | 때우기용도,재미는 | 없음... | 시간 | 때우기용도 | 안됨,custom
case_014,cnn,unigram_occlusion,negative,0.999669075012207,negative,True,0.5,0.5,0.524481,1.0,1.0,0.58112,개연성이 | 밥말아먹었나 | 스토리가,개연성이 | 밥말아먹었나 | 스토리가 | 왜 | 이 | 모양임?,custom
case_015,cnn,unigram_occlusion,positive,0.925296425819397,positive,True,0.375,0.375,0.32438,1.0,0.333333,0.456095,삼박자가 | 완벽하다. | 극장가서,"연출, | 연기, | 음악 | 삼박자가 | 완벽하다. | 꼭 | 극장가서 | 보세요.",custom
case_016,cnn,unigram_occlusion,negative,0.9830611348152161,negative,True,0.666667,0.5,0.60763,0.964232,1.0,0.654876,재밌다길래 | 개노잼임 | 절대보지마셈,진짜 | 개노잼임 | 절대보지마셈,custom
case_017,cnn,unigram_occlusion,positive,0.9999328851699829,positive,True,0.4,0.333333,0.666744,0.755305,1.0,0.503315,오랜만에 | 따뜻해지는 | 웰메이드,가슴 | 따뜻해지는 | 웰메이드 | 영화 | 강추!!,custom
case_018,cnn,unigram_occlusion,negative,0.9848324656486511,negative,True,0.5,0.5,0.61315,0.977828,1.0,0.599962,억지 | 짜내기 | 극혐,뻔하디 | 뻔한 | 억지 | 감동 | 짜내기 | 극혐,custom
case_019,cnn,unigram_occlusion,negative,0.9812391996383667,negative,True,0.428571,0.428571,0.553433,0.946008,1.0,0.537402,돈이랑 | 감독 | 누구냐,내 | 돈이랑 | 시간 | 돌려내라 | 감독 | 누구냐 | 진짜,custom
case_020,cnn,unigram_occlusion,positive,0.959521472454071,positive,True,0.333333,0.285714,0.313175,0.542762,1.0,0.347803,힐링 | ㅠㅠ | 찰떡,힐링 | 제대로 | 하고 | 옴 | 연기도 | 찰떡,custom
case_021,cnn,unigram_occlusion,negative,0.9880245327949524,negative,True,0.428571,0.428571,0.45995,0.973731,0.666667,0.51819,오? | 산으로 | 어이없음,초반엔 | 오? | 후반 | 갈수록 | 산으로 | 가네 | 어이없음,custom
case_022,cnn,unigram_occlusion,positive,0.9833064675331116,positive,True,0.4,0.333333,0.66329,0.80654,1.0,0.510137,인생작입니다. | 살면서 | 최고라고,인생작입니다. | 감히 | 최고라고 | 말하고 | 싶네요.,custom
case_023,cnn,unigram_occlusion,negative,0.9969316720962524,negative,True,0.75,0.75,0.712041,1.0,1.0,0.77801,지루해서 | 중간에 | 돈날림주의;;;,지루해서 | 중간에 | 나왔어요 | 돈날림주의;;;,custom
case_024,cnn,unigram_occlusion,negative,0.8828639984130859,negative,True,0.272727,0.272727,0.541161,0.979532,1.0,0.445857,훌륭했지만 | 스토리가 | 실망스러웠습니다.,연기도 | 좋고 | 영상도 | 아름답고 | 음악도 | 훌륭했지만 | 스토리가 | 너무 | 엉성해서 | 전체적으로는 | 실망스러웠습니다.,custom
case_025,cnn,unigram_occlusion,positive,0.6135897040367126,positive,True,0.5,0.5,0.523731,0.936366,1.0,0.571388,유치하긴 | 가볍게 | 좋네요,킬링타임으로 | 제격임 | 유치하긴 | 가볍게 | 웃기 | 좋네요,custom
case_026,cnn,unigram_occlusion,positive,0.9844313263893127,positive,True,0.4,0.333333,0.655822,0.765531,1.0,0.502119,왜 | 완전 | 명작인데,생각보다 | 완전 | 명작인데 | 억까들 | 많네,custom
case_027,cnn,unigram_occlusion,negative,0.9695852398872375,negative,True,0.375,0.375,0.676957,1.0,1.0,0.544239,웹툰이 | 그냥 | 수준,원작 | 웹툰이 | 훨씬 | 나음.. | 실사화는 | 그냥 | 폭망 | 수준,custom
case_028,cnn,unigram_occlusion,positive,0.9656215906143188,positive,True,0.333333,0.285714,0.468485,0.755965,1.0,0.418611,볼 | 인생 | 설렘,완전 | 인생 | 영화 | 건짐... | 설렘 | 터짐,custom
case_029,cnn,unigram_occlusion,negative,0.9995947480201721,negative,True,0.428571,0.428571,0.671769,1.0,1.0,0.575085,1점도 | 아깝다 | 엉망진창임,1점도 | 아깝다 | 스토리 | 연출 | 캐스팅 | 다 | 엉망진창임,custom
case_030,cnn,unigram_occlusion,positive,0.9928559064865112,positive,True,0.166667,0.125,0.466131,0.440037,1.0,0.272122,가슴 | 사실을 | 영화입니다.,잘 | 담아낸 | 의미 | 있는 | 영화입니다. | 먹먹하네요.,custom
case_001,cnn,ngram_occlusion,positive,0.9897575378417969,positive,True,1.0,1.0,0.962731,0.882903,1.0,0.973118,정말 | 재미있어요 | 추천합니다,정말 | 재미있어요 | 추천합니다,custom
case_002,cnn,ngram_occlusion,negative,0.9862291812896729,negative,True,0.6,0.6,0.850741,1.0,1.0,0.722685,배우들 | 연기도 | 별로네요,스토리가 | 지루하고 | 배우들 | 연기도 | 별로네요,custom
case_003,cnn,ngram_occlusion,positive,0.9185996651649475,positive,True,0.6,0.6,0.915921,1.0,1.0,0.73898,갈수록 | 정말 | 재미있어지네요,처음엔 | 지루했는데 | 갈수록 | 정말 | 재미있어지네요,custom
case_004,cnn,ngram_occlusion,negative,0.976716160774231,negative,True,0.5,0.5,0.698658,1.0,1.0,0.624665,각본이 | 너무 | 쓰레기네요,배우들의 | 연기는 | 명품인데 | 각본이 | 너무 | 쓰레기네요,custom
case_005,cnn,ngram_occlusion,negative,0.70521080493927,negative,True,0.375,0.375,0.647767,0.974355,1.0,0.533095,피 | 같은 | 돈을,이런 | 영화에 | 내 | 피 | 같은 | 돈을 | 쓰다니 | 대단하다,custom
case_006,cnn,ngram_occlusion,positive,0.8118757009506226,negative,False,0.2,0.142857,-0.417663,0.487281,0.0,0.178807,좋은 | 훌륭한 | 영화입니다,수면제 | 대신 | 보면 | 딱 | 좋은,custom
case_007,cnn,ngram_occlusion,positive,0.9715786576271057,positive,True,1.0,1.0,0.949268,0.9184,1.0,0.975077,개존잼!!! | 꼭보세요 | ㅋㅋㅋ,개존잼!!! | 꼭보세요 | ㅋㅋㅋ,custom
case_008,cnn,ngram_occlusion,negative,0.9990574717521667,negative,True,0.25,0.166667,0.620635,0.686683,1.0,0.387328,시간낭비 | 오지구요 | 지리구요,시간낭비 | 다신 | 안봄 | ㅡㅡ,custom
case_009,cnn,ngram_occlusion,positive,0.7318828701972961,positive,True,0.5,0.4,0.858939,0.8612,1.0,0.618915,한데 | 배우들은 | 멋있음,스토리가 | 지루하긴 | 배우들은 | 멋있음,custom
case_010,cnn,ngram_occlusion,negative,0.9996144771575928,negative,True,1.0,1.0,0.947499,1.0,1.0,0.986875,개노잼임 | ㅡㅡ,개노잼임 | ㅡㅡ,custom
case_011,cnn,ngram_occlusion,negative,0.997015118598938,negative,True,0.5,0.5,0.880631,1.0,1.0,0.670158,알바들만 | 돈 | 아깝다,평점 | 알바들만 | 넘치네 | 진짜 | 돈 | 아깝다,custom
case_012,cnn,ngram_occlusion,positive,0.9975270628929138,positive,True,0.375,0.375,0.604047,1.0,1.0,0.526012,가슴 | 먹먹해지는 | 수작.,어설픈 | 신파보다 | 백배 | 천배 | 낫다. | 가슴 | 먹먹해지는 | 수작.,custom
case_013,cnn,ngram_occlusion,negative,0.9921754002571106,negative,True,0.6,0.6,0.774314,0.973497,1.0,0.699603,없음... | 시간 | 때우기용도,재미는 | 없음... | 시간 | 때우기용도 | 안됨,custom
case_014,cnn,ngram_occlusion,negative,0.999669075012207,negative,True,0.5,0.5,0.740369,1.0,1.0,0.635092,개연성이 | 밥말아먹었나 | 스토리가,개연성이 | 밥말아먹었나 | 스토리가 | 왜 | 이 | 모양임?,custom
case_015,cnn,ngram_occlusion,positive,0.925296425819397,positive,True,0.375,0.375,0.609612,1.0,1.0,0.527403,삼박자가 | 완벽하다. | 꼭,"연출, | 연기, | 음악 | 삼박자가 | 완벽하다. | 꼭 | 극장가서 | 보세요.",custom
case_016,cnn,ngram_occlusion,negative,0.9830611348152161,negative,True,1.0,1.0,0.786075,0.965551,1.0,0.941351,진짜 | 개노잼임 | 절대보지마셈,진짜 | 개노잼임 | 절대보지마셈,custom
case_017,cnn,ngram_occlusion,positive,0.9999328851699829,positive,True,0.6,0.6,0.727255,0.802342,1.0,0.662165,가슴 | 따뜻해지는 | 웰메이드,가슴 | 따뜻해지는 | 웰메이드 | 영화 | 강추!!,custom
case_018,cnn,ngram_occlusion,negative,0.9848324656486511,negative,True,0.333333,0.285714,0.608657,0.647112,1.0,0.437326,한국식 | 억지 | 짜내기,뻔하디 | 뻔한 | 억지 | 감동 | 짜내기 | 극혐,custom
case_019,cnn,ngram_occlusion,negative,0.9812391996383667,negative,True,0.428571,0.428571,0.776155,0.891618,1.0,0.584924,돈이랑 | 감독 | 누구냐,내 | 돈이랑 | 시간 | 돌려내라 | 감독 | 누구냐 | 진짜,custom
case_020,cnn,ngram_occlusion,positive,0.959521472454071,positive,True,0.333333,0.285714,0.663232,0.605626,1.0,0.444747,갔다가 | 힐링 | 제대로,힐링 | 제대로 | 하고 | 옴 | 연기도 | 찰떡,custom
case_021,cnn,ngram_occlusion,negative,0.9880245327949524,negative,True,0.285714,0.25,0.719019,0.765291,1.0,0.457048,산으로 | ㅋㅋㅋ | 어이없음,초반엔 | 오? | 후반 | 갈수록 | 산으로 | 가네 | 어이없음,custom
case_022,cnn,ngram_occlusion,positive,0.9833064675331116,positive,True,0.4,0.333333,0.711747,0.63728,1.0,0.496862,중에 | 감히 | 최고라고,인생작입니다. | 감히 | 최고라고 | 말하고 | 싶네요.,custom
case_023,cnn,ngram_occlusion,negative,0.9969316720962524,negative,True,0.75,0.75,0.895224,1.0,1.0,0.823806,중간에 | 나왔어요 | 돈날림주의;;;,지루해서 | 중간에 | 나왔어요 | 돈날림주의;;;,custom
case_024,cnn,ngram_occlusion,negative,0.8828639984130859,negative,True,0.272727,0.272727,0.796041,0.994432,1.0,0.511811,엉성해서 | 전체적으로는 | 실망스러웠습니다.,연기도 | 좋고 | 영상도 | 아름답고 | 음악도 | 훌륭했지만 | 스토리가 | 너무 | 엉성해서 | 전체적으로는 | 실망스러웠습니다.,custom
case_025,cnn,ngram_occlusion,positive,0.6135897040367126,positive,True,0.333333,0.285714,0.335323,0.782954,0.5,0.389369,제격임 | ㅋㅋ | 유치하긴,킬링타임으로 | 제격임 | 유치하긴 | 가볍게 | 웃기 | 좋네요,custom
case_026,cnn,ngram_occlusion,positive,0.9844313263893127,positive,True,0.6,0.6,0.82655,0.881815,1.0,0.69891,생각보다 | 완전 | 명작인데,생각보다 | 완전 | 명작인데 | 억까들 | 많네,custom
case_027,cnn,ngram_occlusion,negative,0.9695852398872375,negative,True,0.375,0.375,0.870897,1.0,1.0,0.592724,그냥 | 폭망 | 수준,원작 | 웹툰이 | 훨씬 | 나음.. | 실사화는 | 그냥 | 폭망 | 수준,custom
case_028,cnn,ngram_occlusion,positive,0.9656215906143188,positive,True,0.333333,0.285714,0.602057,0.565068,1.0,0.42337,찾다가 | 완전 | 인생,완전 | 인생 | 영화 | 건짐... | 설렘 | 터짐,custom
case_029,cnn,ngram_occlusion,negative,0.9995947480201721,negative,True,0.428571,0.428571,0.934442,1.0,1.0,0.640753,1점도 | 아깝다 | 엉망진창임,1점도 | 아깝다 | 스토리 | 연출 | 캐스팅 | 다 | 엉망진창임,custom
case_030,cnn,ngram_occlusion,positive,0.9928559064865112,positive,True,0.166667,0.125,0.492948,0.43768,1.0,0.278472,역사적 | 사실을 | 영화입니다.,잘 | 담아낸 | 의미 | 있는 | 영화입니다. | 먹먹하네요.,custom
case_001,cnn,filter_activation,positive,0.9897575378417969,positive,True,1.0,1.0,0.998855,0.998059,1.0,0.999423,정말 | 재미있어요 | 추천합니다,정말 | 재미있어요 | 추천합니다,custom
case_002,cnn,filter_activation,negative,0.9862291812896729,negative,True,0.6,0.6,0.812241,1.0,1.0,0.71306,지루하고 | 배우들 | 별로네요,스토리가 | 지루하고 | 배우들 | 연기도 | 별로네요,custom
case_003,cnn,filter_activation,positive,0.9185996651649475,positive,True,0.6,0.6,-0.757585,1.0,0.0,0.51,처음엔 | 갈수록 | 정말,처음엔 | 지루했는데 | 갈수록 | 정말 | 재미있어지네요,custom
case_004,cnn,filter_activation,negative,0.976716160774231,negative,True,0.5,0.5,0.717129,1.0,1.0,0.629282,명품인데 | 너무 | 쓰레기네요,배우들의 | 연기는 | 명품인데 | 각본이 | 너무 | 쓰레기네요,custom
case_005,cnn,filter_activation,negative,0.70521080493927,negative,True,0.375,0.375,0.60319,0.991804,1.0,0.524568,돈을 | 쓰다니 | 대단하다,이런 | 영화에 | 내 | 피 | 같은 | 돈을 | 쓰다니 | 대단하다,custom
case_006,cnn,filter_activation,positive,0.8118757009506226,negative,False,0.2,0.142857,0.374249,0.587322,1.0,0.287375,수면제 | 훌륭한 | 영화입니다,수면제 | 대신 | 보면 | 딱 | 좋은,custom
case_007,cnn,filter_activation,positive,0.9715786576271057,positive,True,1.0,1.0,0.946759,0.841351,1.0,0.962892,개존잼!!! | 꼭보세요 | ㅋㅋㅋ,개존잼!!! | 꼭보세요 | ㅋㅋㅋ,custom
case_008,cnn,filter_activation,negative,0.9990574717521667,negative,True,0.25,0.166667,0.588554,0.562229,1.0,0.36064,시간낭비 | 오지구요 | 지리구요,시간낭비 | 다신 | 안봄 | ㅡㅡ,custom
case_009,cnn,filter_activation,positive,0.7318828701972961,positive,True,0.5,0.4,0.089306,0.689026,0.5,0.40068,지루하긴 | 한데 | 배우들은,스토리가 | 지루하긴 | 배우들은 | 멋있음,custom
case_010,cnn,filter_activation,negative,0.9996144771575928,negative,True,1.0,1.0,0.98539,1.0,1.0,0.996348,개노잼임 | ㅡㅡ,개노잼임 | ㅡㅡ,custom
case_011,cnn,filter_activation,negative,0.997015118598938,negative,True,0.5,0.5,0.675324,1.0,1.0,0.618831,알바들만 | 넘치네 | 진짜,평점 | 알바들만 | 넘치네 | 진짜 | 돈 | 아깝다,custom
case_012,cnn,filter_activation,positive,0.9975270628929138,positive,True,0.375,0.375,0.425446,1.0,0.666667,0.481361,신파보다 | 가슴 | 먹먹해지는,어설픈 | 신파보다 | 백배 | 천배 | 낫다. | 가슴 | 먹먹해지는 | 수작.,custom
case_013,cnn,filter_activation,negative,0.9921754002571106,negative,True,0.6,0.6,0.798563,0.941242,1.0,0.700827,재미는 | 없음... | 시간,재미는 | 없음... | 시간 | 때우기용도 | 안됨,custom
case_014,cnn,filter_activation,negative,0.999669075012207,negative,True,0.5,0.5,0.802953,1.0,1.0,0.650738,개연성이 | 밥말아먹었나 | 스토리가,개연성이 | 밥말아먹었나 | 스토리가 | 왜 | 이 | 모양임?,custom
case_015,cnn,filter_activation,positive,0.925296425819397,positive,True,0.375,0.375,0.634873,1.0,1.0,0.533718,음악 | 완벽하다. | 꼭,"연출, | 연기, | 음악 | 삼박자가 | 완벽하다. | 꼭 | 극장가서 | 보세요.",custom
case_016,cnn,filter_activation,negative,0.9830611348152161,negative,True,0.666667,0.5,0.707712,0.830166,1.0,0.659786,재밌다길래 | 개노잼임 | 절대보지마셈,진짜 | 개노잼임 | 절대보지마셈,custom
case_017,cnn,filter_activation,positive,0.9999328851699829,positive,True,0.6,0.6,0.733803,0.83288,1.0,0.668383,가슴 | 따뜻해지는 | 웰메이드,가슴 | 따뜻해지는 | 웰메이드 | 영화 | 강추!!,custom
case_018,cnn,filter_activation,negative,0.9848324656486511,negative,True,0.5,0.5,0.855551,0.861194,1.0,0.643067,억지 | 감동 | 짜내기,뻔하디 | 뻔한 | 억지 | 감동 | 짜내기 | 극혐,custom
case_019,cnn,filter_activation,negative,0.9812391996383667,negative,True,0.428571,0.428571,0.808592,0.946194,1.0,0.60122,돈이랑 | 감독 | 누구냐,내 | 돈이랑 | 시간 | 돌려내라 | 감독 | 누구냐 | 진짜,custom
case_020,cnn,filter_activation,positive,0.959521472454071,positive,True,0.333333,0.285714,0.775413,0.721747,1.0,0.490211,힐링 | 옴 | ㅠㅠ,힐링 | 제대로 | 하고 | 옴 | 연기도 | 찰떡,custom
case_021,cnn,filter_activation,negative,0.9880245327949524,negative,True,0.428571,0.428571,0.768909,0.887632,1.0,0.582515,갈수록 | 산으로 | 가네,초반엔 | 오? | 후반 | 갈수록 | 산으로 | 가네 | 어이없음,custom
case_022,cnn,filter_activation,positive,0.9833064675331116,positive,True,0.4,0.333333,0.720027,0.640026,1.0,0.499344,인생작입니다. | 시트콤 | 최고라고,인생작입니다. | 감히 | 최고라고 | 말하고 | 싶네요.,custom
case_023,cnn,filter_activation,negative,0.9969316720962524,negative,True,0.75,0.75,0.851356,1.0,1.0,0.812839,중간에 | 나왔어요 | 돈날림주의;;;,지루해서 | 중간에 | 나왔어요 | 돈날림주의;;;,custom
case_024,cnn,filter_activation,negative,0.8828639984130859,negative,True,0.272727,0.272727,0.848305,0.973276,1.0,0.521704,음악도 | 엉성해서 | 실망스러웠습니다.,연기도 | 좋고 | 영상도 | 아름답고 | 음악도 | 훌륭했지만 | 스토리가 | 너무 | 엉성해서 | 전체적으로는 | 실망스러웠습니다.,custom
case_025,cnn,filter_activation,positive,0.6135897040367126,positive,True,0.333333,0.285714,-0.070322,0.606392,0.5,0.279054,유치하긴 | 한데 | 가볍게,킬링타임으로 | 제격임 | 유치하긴 | 가볍게 | 웃기 | 좋네요,custom
case_026,cnn,filter_activation,positive,0.9844313263893127,positive,True,0.4,0.333333,0.581293,0.678617,1.0,0.470449,이럼? | 완전 | 명작인데,생각보다 | 완전 | 명작인데 | 억까들 | 많네,custom
case_027,cnn,filter_activation,negative,0.9695852398872375,negative,True,0.375,0.375,0.949605,1.0,1.0,0.612401,그냥 | 폭망 | 수준,원작 | 웹툰이 | 훨씬 | 나음.. | 실사화는 | 그냥 | 폭망 | 수준,custom
case_028,cnn,filter_activation,positive,0.9656215906143188,positive,True,0.333333,0.285714,0.621285,0.549849,1.0,0.425894,로맨틱 | 인생 | 영화,완전 | 인생 | 영화 | 건짐... | 설렘 | 터짐,custom
case_029,cnn,filter_activation,negative,0.9995947480201721,negative,True,0.428571,0.428571,0.835694,1.0,1.0,0.616066,1점도 | 아깝다 | 스토리,1점도 | 아깝다 | 스토리 | 연출 | 캐스팅 | 다 | 엉망진창임,custom
case_030,cnn,filter_activation,positive,0.9928559064865112,positive,True,0.0,0.0,0.325903,0.343224,0.0,0.132959,아픈 | 역사적 | 사실을,잘 | 담아낸 | 의미 | 있는 | 영화입니다. | 먹먹하네요.,custom
case_001,cnn,integrated_gradients_steps50,positive,0.9897575378417969,positive,True,0.666667,0.5,0.628065,0.970196,1.0,0.660879,영화 | 정말 | 재미있어요,정말 | 재미있어요 | 추천합니다,custom
case_002,cnn,integrated_gradients_steps50,negative,0.9862291812896729,negative,True,0.6,0.6,0.660822,1.0,1.0,0.675205,스토리가 | 지루하고 | 별로네요,스토리가 | 지루하고 | 배우들 | 연기도 | 별로네요,custom
case_003,cnn,integrated_gradients_steps50,positive,0.9185996651649475,positive,True,0.6,0.6,0.649566,1.0,1.0,0.672391,지루했는데 | 정말 | 재미있어지네요,처음엔 | 지루했는데 | 갈수록 | 정말 | 재미있어지네요,custom
case_004,cnn,integrated_gradients_steps50,negative,0.976716160774231,negative,True,0.5,0.5,0.732815,1.0,1.0,0.633204,명품인데 | 각본이 | 쓰레기네요,배우들의 | 연기는 | 명품인데 | 각본이 | 너무 | 쓰레기네요,custom
case_005,cnn,integrated_gradients_steps50,negative,0.70521080493927,negative,True,0.375,0.375,0.407258,0.99255,0.666667,0.475697,돈을 | 쓰다니 | 대단하다,이런 | 영화에 | 내 | 피 | 같은 | 돈을 | 쓰다니 | 대단하다,custom
case_006,cnn,integrated_gradients_steps50,positive,0.8118757009506226,negative,False,0.4,0.333333,0.230046,0.552628,0.5,0.363739,수면제 | 좋은 | 훌륭한,수면제 | 대신 | 보면 | 딱 | 좋은,custom
case_007,cnn,integrated_gradients_steps50,positive,0.9715786576271057,positive,True,0.666667,0.5,0.797871,0.951458,1.0,0.70052,진짜 | 개존잼!!! | 꼭보세요,개존잼!!! | 꼭보세요 | ㅋㅋㅋ,custom
case_008,cnn,integrated_gradients_steps50,negative,0.9990574717521667,negative,True,0.75,0.75,0.777661,0.893046,1.0,0.778372,시간낭비 | 다신 | 안봄,시간낭비 | 다신 | 안봄 | ㅡㅡ,custom
case_009,cnn,integrated_gradients_steps50,positive,0.7318828701972961,positive,True,0.75,0.75,0.48171,0.942184,0.666667,0.711755,지루하긴 | 배우들은 | 멋있음,스토리가 | 지루하긴 | 배우들은 | 멋있음,custom
case_010,cnn,integrated_gradients_steps50,negative,0.9996144771575928,negative,True,1.0,1.0,0.962506,1.0,1.0,0.990626,개노잼임 | ㅡㅡ,개노잼임 | ㅡㅡ,custom
case_011,cnn,integrated_gradients_steps50,negative,0.997015118598938,negative,True,0.5,0.5,0.502657,1.0,1.0,0.575664,알바들만 | 돈 | 아깝다,평점 | 알바들만 | 넘치네 | 진짜 | 돈 | 아깝다,custom
case_012,cnn,integrated_gradients_steps50,positive,0.9975270628929138,positive,True,0.375,0.375,0.406244,1.0,1.0,0.476561,가슴 | 먹먹해지는 | 수작.,어설픈 | 신파보다 | 백배 | 천배 | 낫다. | 가슴 | 먹먹해지는 | 수작.,custom
case_013,cnn,integrated_gradients_steps50,negative,0.9921754002571106,negative,True,0.6,0.6,0.751161,0.979105,1.0,0.694656,재미는 | 없음... | 때우기용도,재미는 | 없음... | 시간 | 때우기용도 | 안됨,custom
case_014,cnn,integrated_gradients_steps50,negative,0.999669075012207,negative,True,0.5,0.5,0.777467,1.0,1.0,0.644367,개연성이 | 밥말아먹었나 | 모양임?,개연성이 | 밥말아먹었나 | 스토리가 | 왜 | 이 | 모양임?,custom
case_015,cnn,integrated_gradients_steps50,positive,0.925296425819397,positive,True,0.375,0.375,0.297347,1.0,0.666667,0.449337,삼박자가 | 완벽하다. | 꼭,"연출, | 연기, | 음악 | 삼박자가 | 완벽하다. | 꼭 | 극장가서 | 보세요.",custom
case_016,cnn,integrated_gradients_steps50,negative,0.9830611348152161,negative,True,0.666667,0.5,0.547963,0.665375,1.0,0.59513,재밌다길래 | 개노잼임 | 절대보지마셈,진짜 | 개노잼임 | 절대보지마셈,custom
case_017,cnn,integrated_gradients_steps50,positive,0.9999328851699829,positive,True,0.6,0.6,0.829459,0.935412,1.0,0.707677,가슴 | 따뜻해지는 | 웰메이드,가슴 | 따뜻해지는 | 웰메이드 | 영화 | 강추!!,custom
case_018,cnn,integrated_gradients_steps50,negative,0.9848324656486511,negative,True,0.333333,0.285714,0.549183,0.865854,1.0,0.455269,한국식 | 억지 | 극혐,뻔하디 | 뻔한 | 억지 | 감동 | 짜내기 | 극혐,custom
case_019,cnn,integrated_gradients_steps50,negative,0.9812391996383667,negative,True,0.428571,0.428571,0.495103,0.985715,1.0,0.528776,돌려내라 | 감독 | 누구냐,내 | 돈이랑 | 시간 | 돌려내라 | 감독 | 누구냐 | 진짜,custom
case_020,cnn,integrated_gradients_steps50,positive,0.959521472454071,positive,True,0.333333,0.285714,0.481627,0.560058,1.0,0.392511,힐링 | 제대로 | ㅠㅠ,힐링 | 제대로 | 하고 | 옴 | 연기도 | 찰떡,custom
case_021,cnn,integrated_gradients_steps50,negative,0.9880245327949524,negative,True,0.428571,0.428571,0.511829,0.990213,0.666667,0.533632,오? | 산으로 | 어이없음,초반엔 | 오? | 후반 | 갈수록 | 산으로 | 가네 | 어이없음,custom
case_022,cnn,integrated_gradients_steps50,positive,0.9833064675331116,positive,True,0.4,0.333333,0.571287,0.741565,1.0,0.47739,인생작입니다. | 시트콤 | 최고라고,인생작입니다. | 감히 | 최고라고 | 말하고 | 싶네요.,custom
case_023,cnn,integrated_gradients_steps50,negative,0.9969316720962524,negative,True,0.75,0.75,0.675649,1.0,0.666667,0.768912,지루해서 | 중간에 | 돈날림주의;;;,지루해서 | 중간에 | 나왔어요 | 돈날림주의;;;,custom
case_024,cnn,integrated_gradients_steps50,negative,0.8828639984130859,negative,True,0.272727,0.272727,0.789407,0.968279,1.0,0.50623,아름답고 | 엉성해서 | 실망스러웠습니다.,연기도 | 좋고 | 영상도 | 아름답고 | 음악도 | 훌륭했지만 | 스토리가 | 너무 | 엉성해서 | 전체적으로는 | 실망스러웠습니다.,custom
case_025,cnn,integrated_gradients_steps50,positive,0.6135897040367126,positive,True,0.5,0.5,0.426975,0.988228,0.666667,0.554978,제격임 | 유치하긴 | 좋네요,킬링타임으로 | 제격임 | 유치하긴 | 가볍게 | 웃기 | 좋네요,custom
case_026,cnn,integrated_gradients_steps50,positive,0.9844313263893127,positive,True,0.4,0.333333,0.695897,0.65342,1.0,0.49532,왜 | 명작인데 | 억까들,생각보다 | 완전 | 명작인데 | 억까들 | 많네,custom
case_027,cnn,integrated_gradients_steps50,negative,0.9695852398872375,negative,True,0.375,0.375,0.615807,1.0,1.0,0.528952,웹툰이 | 그냥 | 수준,원작 | 웹툰이 | 훨씬 | 나음.. | 실사화는 | 그냥 | 폭망 | 수준,custom
case_028,cnn,integrated_gradients_steps50,positive,0.9656215906143188,positive,True,0.5,0.5,0.517685,0.797081,0.666667,0.548984,인생 | 건짐... | 설렘,완전 | 인생 | 영화 | 건짐... | 설렘 | 터짐,custom
case_029,cnn,integrated_gradients_steps50,negative,0.9995947480201721,negative,True,0.428571,0.428571,0.655297,1.0,1.0,0.570967,1점도 | 아깝다 | 엉망진창임,1점도 | 아깝다 | 스토리 | 연출 | 캐스팅 | 다 | 엉망진창임,custom
case_030,cnn,integrated_gradients_steps50,positive,0.9928559064865112,positive,True,0.0,0.0,0.208527,0.241893,0.0,0.088416,가슴 | 아픈 | 사실을,잘 | 담아낸 | 의미 | 있는 | 영화입니다. | 먹먹하네요.,custom
case_001,cnn,integrated_gradients_steps100,positive,0.9897575378417969,positive,True,0.666667,0.5,0.627065,0.970265,1.0,0.660639,영화 | 정말 | 재미있어요,정말 | 재미있어요 | 추천합니다,custom
case_002,cnn,integrated_gradients_steps100,negative,0.9862291812896729,negative,True,0.6,0.6,0.661095,1.0,1.0,0.675274,스토리가 | 지루하고 | 별로네요,스토리가 | 지루하고 | 배우들 | 연기도 | 별로네요,custom
case_003,cnn,integrated_gradients_steps100,positive,0.9185996651649475,positive,True,0.6,0.6,0.648743,1.0,1.0,0.672186,지루했는데 | 정말 | 재미있어지네요,처음엔 | 지루했는데 | 갈수록 | 정말 | 재미있어지네요,custom
case_004,cnn,integrated_gradients_steps100,negative,0.976716160774231,negative,True,0.5,0.5,0.734024,1.0,1.0,0.633506,명품인데 | 각본이 | 쓰레기네요,배우들의 | 연기는 | 명품인데 | 각본이 | 너무 | 쓰레기네요,custom
case_005,cnn,integrated_gradients_steps100,negative,0.70521080493927,negative,True,0.375,0.375,0.408272,0.992061,0.666667,0.475877,돈을 | 쓰다니 | 대단하다,이런 | 영화에 | 내 | 피 | 같은 | 돈을 | 쓰다니 | 대단하다,custom
case_006,cnn,integrated_gradients_steps100,positive,0.8118757009506226,negative,False,0.4,0.333333,0.231015,0.552842,0.5,0.364013,수면제 | 좋은 | 훌륭한,수면제 | 대신 | 보면 | 딱 | 좋은,custom
case_007,cnn,integrated_gradients_steps100,positive,0.9715786576271057,positive,True,0.666667,0.5,0.797323,0.951694,1.0,0.700418,진짜 | 개존잼!!! | 꼭보세요,개존잼!!! | 꼭보세요 | ㅋㅋㅋ,custom
case_008,cnn,integrated_gradients_steps100,negative,0.9990574717521667,negative,True,0.75,0.75,0.7784,0.894057,1.0,0.778709,시간낭비 | 다신 | 안봄,시간낭비 | 다신 | 안봄 | ㅡㅡ,custom
case_009,cnn,integrated_gradients_steps100,positive,0.7318828701972961,positive,True,0.75,0.75,0.48249,0.942264,0.666667,0.711962,지루하긴 | 배우들은 | 멋있음,스토리가 | 지루하긴 | 배우들은 | 멋있음,custom
case_010,cnn,integrated_gradients_steps100,negative,0.9996144771575928,negative,True,1.0,1.0,0.962663,1.0,1.0,0.990666,개노잼임 | ㅡㅡ,개노잼임 | ㅡㅡ,custom
case_011,cnn,integrated_gradients_steps100,negative,0.997015118598938,negative,True,0.5,0.5,0.504536,1.0,1.0,0.576134,알바들만 | 돈 | 아깝다,평점 | 알바들만 | 넘치네 | 진짜 | 돈 | 아깝다,custom
case_012,cnn,integrated_gradients_steps100,positive,0.9975270628929138,positive,True,0.375,0.375,0.405998,1.0,1.0,0.4765,가슴 | 먹먹해지는 | 수작.,어설픈 | 신파보다 | 백배 | 천배 | 낫다. | 가슴 | 먹먹해지는 | 수작.,custom
case_013,cnn,integrated_gradients_steps100,negative,0.9921754002571106,negative,True,0.6,0.6,0.75016,0.979203,1.0,0.69442,재미는 | 없음... | 때우기용도,재미는 | 없음... | 시간 | 때우기용도 | 안됨,custom
case_014,cnn,integrated_gradients_steps100,negative,0.999669075012207,negative,True,0.5,0.5,0.777403,1.0,1.0,0.644351,개연성이 | 밥말아먹었나 | 모양임?,개연성이 | 밥말아먹었나 | 스토리가 | 왜 | 이 | 모양임?,custom
case_015,cnn,integrated_gradients_steps100,positive,0.925296425819397,positive,True,0.375,0.375,0.297672,1.0,0.666667,0.449418,삼박자가 | 완벽하다. | 꼭,"연출, | 연기, | 음악 | 삼박자가 | 완벽하다. | 꼭 | 극장가서 | 보세요.",custom
case_016,cnn,integrated_gradients_steps100,negative,0.9830611348152161,negative,True,0.666667,0.5,0.547846,0.66545,1.0,0.595112,재밌다길래 | 개노잼임 | 절대보지마셈,진짜 | 개노잼임 | 절대보지마셈,custom
case_017,cnn,integrated_gradients_steps100,positive,0.9999328851699829,positive,True,0.6,0.6,0.829525,0.935791,1.0,0.70775,가슴 | 따뜻해지는 | 웰메이드,가슴 | 따뜻해지는 | 웰메이드 | 영화 | 강추!!,custom
case_018,cnn,integrated_gradients_steps100,negative,0.9848324656486511,negative,True,0.333333,0.285714,0.548558,0.865966,1.0,0.45513,한국식 | 억지 | 극혐,뻔하디 | 뻔한 | 억지 | 감동 | 짜내기 | 극혐,custom
case_019,cnn,integrated_gradients_steps100,negative,0.9812391996383667,negative,True,0.428571,0.428571,0.496114,0.985325,1.0,0.52897,돌려내라 | 감독 | 누구냐,내 | 돈이랑 | 시간 | 돌려내라 | 감독 | 누구냐 | 진짜,custom
case_020,cnn,integrated_gradients_steps100,positive,0.959521472454071,positive,True,0.333333,0.285714,0.482757,0.561821,1.0,0.393058,힐링 | 제대로 | ㅠㅠ,힐링 | 제대로 | 하고 | 옴 | 연기도 | 찰떡,custom
case_021,cnn,integrated_gradients_steps100,negative,0.9880245327949524,negative,True,0.428571,0.428571,0.51194,0.989934,0.666667,0.533618,오? | 산으로 | 어이없음,초반엔 | 오? | 후반 | 갈수록 | 산으로 | 가네 | 어이없음,custom
case_022,cnn,integrated_gradients_steps100,positive,0.9833064675331116,positive,True,0.4,0.333333,0.571501,0.742728,1.0,0.477618,인생작입니다. | 시트콤 | 최고라고,인생작입니다. | 감히 | 최고라고 | 말하고 | 싶네요.,custom
case_023,cnn,integrated_gradients_steps100,negative,0.9969316720962524,negative,True,0.75,0.75,0.676375,1.0,0.666667,0.769094,지루해서 | 중간에 | 돈날림주의;;;,지루해서 | 중간에 | 나왔어요 | 돈날림주의;;;,custom
case_024,cnn,integrated_gradients_steps100,negative,0.8828639984130859,negative,True,0.272727,0.272727,0.788831,0.96843,1.0,0.506109,아름답고 | 엉성해서 | 실망스러웠습니다.,연기도 | 좋고 | 영상도 | 아름답고 | 음악도 | 훌륭했지만 | 스토리가 | 너무 | 엉성해서 | 전체적으로는 | 실망스러웠습니다.,custom
case_025,cnn,integrated_gradients_steps100,positive,0.6135897040367126,positive,True,0.5,0.5,0.42718,0.988776,0.666667,0.555111,제격임 | 유치하긴 | 좋네요,킬링타임으로 | 제격임 | 유치하긴 | 가볍게 | 웃기 | 좋네요,custom
case_026,cnn,integrated_gradients_steps100,positive,0.9844313263893127,positive,True,0.4,0.333333,0.695158,0.652715,1.0,0.49503,왜 | 명작인데 | 억까들,생각보다 | 완전 | 명작인데 | 억까들 | 많네,custom
case_027,cnn,integrated_gradients_steps100,negative,0.9695852398872375,negative,True,0.375,0.375,0.614642,1.0,1.0,0.528661,웹툰이 | 그냥 | 수준,원작 | 웹툰이 | 훨씬 | 나음.. | 실사화는 | 그냥 | 폭망 | 수준,custom
case_028,cnn,integrated_gradients_steps100,positive,0.9656215906143188,positive,True,0.5,0.5,0.520197,0.797515,0.666667,0.549677,인생 | 건짐... | 설렘,완전 | 인생 | 영화 | 건짐... | 설렘 | 터짐,custom
case_029,cnn,integrated_gradients_steps100,negative,0.9995947480201721,negative,True,0.428571,0.428571,0.655561,1.0,1.0,0.571033,1점도 | 아깝다 | 엉망진창임,1점도 | 아깝다 | 스토리 | 연출 | 캐스팅 | 다 | 엉망진창임,custom
case_030,cnn,integrated_gradients_steps100,positive,0.9928559064865112,positive,True,0.0,0.0,0.210689,0.242926,0.0,0.089111,가슴 | 아픈 | 사실을,잘 | 담아낸 | 의미 | 있는 | 영화입니다. | 먹먹하네요.,custom
case_001,fnn,occlusion,positive,0.9372,positive,True,0.666667,0.5,0.66161,0.882012,1.0,0.656038,영화 | 재미있어요 | 추천합니다,정말 | 재미있어요 | 추천합니다,custom
case_002,fnn,occlusion,negative,0.9815,negative,True,0.6,0.6,0.53804,1.0,0.666667,0.64451,스토리가 | 지루하고 | 별로네요,스토리가 | 지루하고 | 배우들 | 연기도 | 별로네요,custom
case_003,fnn,occlusion,positive,0.6427,positive,True,0.6,0.6,0.515317,1.0,0.666667,0.638829,지루했는데 | 갈수록 | 재미있어지네요,처음엔 | 지루했는데 | 갈수록 | 정말 | 재미있어지네요,custom
case_004,fnn,occlusion,negative,0.8229,negative,True,0.5,0.5,0.586659,1.0,1.0,0.596665,명품인데 | 각본이 | 쓰레기네요,배우들의 | 연기는 | 명품인데 | 각본이 | 너무 | 쓰레기네요,custom
case_005,fnn,occlusion,negative,0.8195,negative,True,0.375,0.375,0.504926,0.938339,0.666667,0.491982,피 | 돈을 | 대단하다,이런 | 영화에 | 내 | 피 | 같은 | 돈을 | 쓰다니 | 대단하다,custom
case_006,fnn,occlusion,positive,0.759,negative,False,0.2,0.142857,-0.086339,0.518888,0.0,0.183547,좋은 | 훌륭한 | 영화입니다,수면제 | 대신 | 보면 | 딱 | 좋은,custom
case_007,fnn,occlusion,positive,0.9194,positive,True,0.666667,0.5,0.429786,0.690424,0.5,0.569343,와 | 개존잼!!! | 꼭보세요,개존잼!!! | 꼭보세요 | ㅋㅋㅋ,custom
case_008,fnn,occlusion,negative,0.996,negative,True,0.5,0.4,0.61482,0.94499,1.0,0.570454,시간낭비 | 지리구요 | ㅡㅡ,시간낭비 | 다신 | 안봄 | ㅡㅡ,custom
case_009,fnn,occlusion,negative,0.8264,positive,False,0.5,0.4,0.387846,0.615337,1.0,0.464262,지루하긴 | 한데 | 멋있음,스토리가 | 지루하긴 | 배우들은 | 멋있음,custom
case_010,fnn,occlusion,negative,0.9984,negative,True,1.0,1.0,0.876074,1.0,1.0,0.969019,개노잼임 | ㅡㅡ,개노잼임 | ㅡㅡ,custom
case_011,fnn,occlusion,negative,0.992,negative,True,0.5,0.5,0.578947,1.0,1.0,0.594737,알바들만 | 돈 | 아깝다,평점 | 알바들만 | 넘치네 | 진짜 | 돈 | 아깝다,custom
case_012,fnn,occlusion,positive,0.687,positive,True,0.375,0.375,0.394315,1.0,0.666667,0.473579,어설픈 | 가슴 | 수작.,어설픈 | 신파보다 | 백배 | 천배 | 낫다. | 가슴 | 먹먹해지는 | 수작.,custom
case_013,fnn,occlusion,negative,0.9935,negative,True,0.6,0.6,0.730715,0.947681,1.0,0.684831,없음... | 때우기용도 | 안됨,재미는 | 없음... | 시간 | 때우기용도 | 안됨,custom
case_014,fnn,occlusion,negative,0.9992,negative,True,0.5,0.5,0.563612,1.0,1.0,0.590903,개연성이 | 밥말아먹었나 | 스토리가,개연성이 | 밥말아먹었나 | 스토리가 | 왜 | 이 | 모양임?,custom
case_015,fnn,occlusion,positive,0.9935,positive,True,0.375,0.375,0.5219,1.0,1.0,0.505475,음악 | 완벽하다. | 꼭,"연출, | 연기, | 음악 | 삼박자가 | 완벽하다. | 꼭 | 극장가서 | 보세요.",custom
case_016,fnn,occlusion,negative,0.8794,negative,True,0.666667,0.5,0.616013,0.871308,1.0,0.643033,재밌다길래 | 개노잼임 | 절대보지마셈,진짜 | 개노잼임 | 절대보지마셈,custom
case_017,fnn,occlusion,positive,0.9998,positive,True,0.6,0.6,0.789723,0.750472,1.0,0.670002,따뜻해지는 | 웰메이드 | 강추!!,가슴 | 따뜻해지는 | 웰메이드 | 영화 | 강추!!,custom
case_018,fnn,occlusion,negative,0.9951,negative,True,0.5,0.5,0.759331,0.986761,1.0,0.637847,뻔한 | 억지 | 극혐,뻔하디 | 뻔한 | 억지 | 감동 | 짜내기 | 극혐,custom
case_019,fnn,occlusion,negative,0.9872,negative,True,0.428571,0.428571,0.607717,0.928998,1.0,0.548422,돈이랑 | 감독 | 누구냐,내 | 돈이랑 | 시간 | 돌려내라 | 감독 | 누구냐 | 진짜,custom
case_020,fnn,occlusion,positive,0.9265,positive,True,0.333333,0.285714,0.429358,0.685312,1.0,0.398232,힐링 | ㅠㅠ | 연기도,힐링 | 제대로 | 하고 | 옴 | 연기도 | 찰떡,custom
case_021,fnn,occlusion,negative,0.9548,negative,True,0.428571,0.428571,0.578306,0.929245,1.0,0.541106,초반엔 | 오? | 어이없음,초반엔 | 오? | 후반 | 갈수록 | 산으로 | 가네 | 어이없음,custom
case_022,fnn,occlusion,positive,0.9681,positive,True,0.4,0.333333,0.448318,0.660683,1.0,0.434515,인생작입니다. | 중에 | 최고라고,인생작입니다. | 감히 | 최고라고 | 말하고 | 싶네요.,custom
case_023,fnn,occlusion,negative,0.9943,negative,True,0.75,0.75,0.690794,1.0,1.0,0.772698,지루해서 | 나왔어요 | 돈날림주의;;;,지루해서 | 중간에 | 나왔어요 | 돈날림주의;;;,custom
case_024,fnn,occlusion,negative,0.9496,negative,True,0.181818,0.166667,0.575877,0.826127,1.0,0.373191,정작 | 엉성해서 | 실망스러웠습니다.,연기도 | 좋고 | 영상도 | 아름답고 | 음악도 | 훌륭했지만 | 스토리가 | 너무 | 엉성해서 | 전체적으로는 | 실망스러웠습니다.,custom
case_025,fnn,occlusion,positive,0.6236,positive,True,0.333333,0.285714,0.661754,0.781601,1.0,0.470774,유치하긴 | 한데 | 좋네요,킬링타임으로 | 제격임 | 유치하긴 | 가볍게 | 웃기 | 좋네요,custom
case_026,fnn,occlusion,positive,0.6697,positive,True,0.4,0.333333,0.59885,0.81533,1.0,0.495345,왜 | 명작인데 | 억까들,생각보다 | 완전 | 명작인데 | 억까들 | 많네,custom
case_027,fnn,occlusion,negative,0.9725,negative,True,0.375,0.375,0.593026,1.0,1.0,0.523257,웹툰이 | 그냥 | 폭망,원작 | 웹툰이 | 훨씬 | 나음.. | 실사화는 | 그냥 | 폭망 | 수준,custom
case_028,fnn,occlusion,positive,0.9897,positive,True,0.333333,0.285714,0.569513,0.762259,1.0,0.444812,볼 | 인생 | 설렘,완전 | 인생 | 영화 | 건짐... | 설렘 | 터짐,custom
case_029,fnn,occlusion,negative,0.9991,negative,True,0.428571,0.428571,0.548648,1.0,1.0,0.544305,1점도 | 아깝다 | 엉망진창임,1점도 | 아깝다 | 스토리 | 연출 | 캐스팅 | 다 | 엉망진창임,custom
case_030,fnn,occlusion,positive,0.9994,positive,True,0.166667,0.125,0.485681,0.502815,1.0,0.286426,가슴 | 사실을 | 영화입니다.,잘 | 담아낸 | 의미 | 있는 | 영화입니다. | 먹먹하네요.,custom
case_001,fnn,lime,positive,0.9372,positive,True,0.666667,0.5,0.758928,0.749491,1.0,0.660489,영화 | 재미있어요 | 추천합니다,정말 | 재미있어요 | 추천합니다,custom
case_002,fnn,lime,negative,0.9815,negative,True,0.6,0.6,0.748838,1.0,1.0,0.697209,지루하고 | 배우들 | 별로네요,스토리가 | 지루하고 | 배우들 | 연기도 | 별로네요,custom
case_003,fnn,lime,positive,0.6427,positive,True,0.6,0.6,0.594149,1.0,1.0,0.658537,지루했는데 | 정말 | 재미있어지네요,처음엔 | 지루했는데 | 갈수록 | 정말 | 재미있어지네요,custom
case_004,fnn,lime,negative,0.8229,negative,True,0.5,0.5,0.662047,1.0,1.0,0.615512,명품인데 | 각본이 | 쓰레기네요,배우들의 | 연기는 | 명품인데 | 각본이 | 너무 | 쓰레기네요,custom
case_005,fnn,lime,negative,0.8195,negative,True,0.25,0.222222,0.378177,0.887535,0.5,0.37073,와... | 돈을 | 대단하다,이런 | 영화에 | 내 | 피 | 같은 | 돈을 | 쓰다니 | 대단하다,custom
case_006,fnn,lime,positive,0.759,negative,False,0.4,0.333333,0.262335,0.747473,0.5,0.401038,수면제 | 좋은 | 훌륭한,수면제 | 대신 | 보면 | 딱 | 좋은,custom
case_007,fnn,lime,positive,0.9194,positive,True,0.333333,0.2,0.537707,0.787605,1.0,0.419234,와 | 진짜 | 꼭보세요,개존잼!!! | 꼭보세요 | ㅋㅋㅋ,custom
case_008,fnn,lime,negative,0.996,negative,True,0.75,0.75,0.872327,0.870804,1.0,0.798702,시간낭비 | 다신 | ㅡㅡ,시간낭비 | 다신 | 안봄 | ㅡㅡ,custom
case_009,fnn,lime,negative,0.8264,positive,False,0.5,0.4,0.41402,0.727471,1.0,0.487626,지루하긴 | 한데 | 멋있음,스토리가 | 지루하긴 | 배우들은 | 멋있음,custom
case_010,fnn,lime,negative,0.9984,negative,True,1.0,1.0,0.764086,1.0,0.5,0.941022,개노잼임 | ㅡㅡ,개노잼임 | ㅡㅡ,custom
case_011,fnn,lime,negative,0.992,negative,True,0.5,0.5,0.63576,1.0,1.0,0.60894,알바들만 | 돈 | 아깝다,평점 | 알바들만 | 넘치네 | 진짜 | 돈 | 아깝다,custom
case_012,fnn,lime,positive,0.687,positive,True,0.375,0.375,0.144684,1.0,0.666667,0.411171,어설픈 | 가슴 | 수작.,어설픈 | 신파보다 | 백배 | 천배 | 낫다. | 가슴 | 먹먹해지는 | 수작.,custom
case_013,fnn,lime,negative,0.9935,negative,True,0.6,0.6,0.811398,0.870376,1.0,0.693406,없음... | 때우기용도 | 안됨,재미는 | 없음... | 시간 | 때우기용도 | 안됨,custom
case_014,fnn,lime,negative,0.9992,negative,True,0.5,0.5,0.675416,1.0,1.0,0.618854,개연성이 | 밥말아먹었나 | 모양임?,개연성이 | 밥말아먹었나 | 스토리가 | 왜 | 이 | 모양임?,custom
case_015,fnn,lime,positive,0.9935,positive,True,0.375,0.375,0.497193,1.0,0.666667,0.499298,완벽하다. | 꼭 | 극장가서,"연출, | 연기, | 음악 | 삼박자가 | 완벽하다. | 꼭 | 극장가서 | 보세요.",custom
case_016,fnn,lime,negative,0.8794,negative,True,0.666667,0.5,0.57662,0.680938,1.0,0.604629,재밌다길래 | 개노잼임 | 절대보지마셈,진짜 | 개노잼임 | 절대보지마셈,custom
case_017,fnn,lime,positive,0.9998,positive,True,0.4,0.333333,0.797512,0.710819,1.0,0.529334,오랜만에 | 따뜻해지는 | 웰메이드,가슴 | 따뜻해지는 | 웰메이드 | 영화 | 강추!!,custom
case_018,fnn,lime,negative,0.9951,negative,True,0.5,0.5,0.661141,0.969455,0.666667,0.610703,억지 | 감동 | 극혐,뻔하디 | 뻔한 | 억지 | 감동 | 짜내기 | 극혐,custom
case_019,fnn,lime,negative,0.9872,negative,True,0.428571,0.428571,0.787794,0.960955,1.0,0.598235,돈이랑 | 감독 | 누구냐,내 | 돈이랑 | 시간 | 돌려내라 | 감독 | 누구냐 | 진짜,custom
case_020,fnn,lime,positive,0.9265,positive,True,0.166667,0.125,0.300676,0.560956,1.0,0.248896,배우들 | 힐링 | ㅠㅠ,힐링 | 제대로 | 하고 | 옴 | 연기도 | 찰떡,custom
case_021,fnn,lime,negative,0.9548,negative,True,0.428571,0.428571,0.625747,0.926341,1.0,0.552531,갈수록 | 산으로 | 어이없음,초반엔 | 오? | 후반 | 갈수록 | 산으로 | 가네 | 어이없음,custom
case_022,fnn,lime,positive,0.9681,positive,True,0.4,0.333333,0.472352,0.666779,1.0,0.441438,인생작입니다. | 중에 | 최고라고,인생작입니다. | 감히 | 최고라고 | 말하고 | 싶네요.,custom
case_023,fnn,lime,negative,0.9943,negative,True,0.75,0.75,0.910393,1.0,1.0,0.827598,지루해서 | 중간에 | 돈날림주의;;;,지루해서 | 중간에 | 나왔어요 | 돈날림주의;;;,custom
case_024,fnn,lime,negative,0.9496,negative,True,0.272727,0.272727,0.63493,0.899096,1.0,0.457233,아름답고 | 엉성해서 | 실망스러웠습니다.,연기도 | 좋고 | 영상도 | 아름답고 | 음악도 | 훌륭했지만 | 스토리가 | 너무 | 엉성해서 | 전체적으로는 | 실망스러웠습니다.,custom
case_025,fnn,lime,positive,0.6236,positive,True,0.5,0.5,0.681008,0.795278,1.0,0.589544,제격임 | 유치하긴 | 좋네요,킬링타임으로 | 제격임 | 유치하긴 | 가볍게 | 웃기 | 좋네요,custom
case_026,fnn,lime,positive,0.6697,positive,True,0.4,0.333333,0.523464,0.798158,1.0,0.473923,왜 | 명작인데 | 억까들,생각보다 | 완전 | 명작인데 | 억까들 | 많네,custom
case_027,fnn,lime,negative,0.9725,negative,True,0.375,0.375,0.662856,1.0,1.0,0.540714,훨씬 | 폭망 | 수준,원작 | 웹툰이 | 훨씬 | 나음.. | 실사화는 | 그냥 | 폭망 | 수준,custom
case_028,fnn,lime,positive,0.9897,positive,True,0.333333,0.285714,0.264917,0.58435,0.5,0.341977,볼 | 건짐... | 설렘,완전 | 인생 | 영화 | 건짐... | 설렘 | 터짐,custom
case_029,fnn,lime,negative,0.9991,negative,True,0.428571,0.428571,0.8067,1.0,1.0,0.608818,1점도 | 아깝다 | 엉망진창임,1점도 | 아깝다 | 스토리 | 연출 | 캐스팅 | 다 | 엉망진창임,custom
case_030,fnn,lime,positive,0.9994,positive,True,0.0,0.0,0.067007,0.273935,0.0,0.057842,가슴 | 아픈 | 사실을,잘 | 담아낸 | 의미 | 있는 | 영화입니다. | 먹먹하네요.,custom
case_001,fnn,integrated_gradients_steps50,positive,0.9372,positive,True,0.666667,0.5,0.822766,0.868914,1.0,0.694362,영화 | 재미있어요 | 추천합니다,정말 | 재미있어요 | 추천합니다,custom
case_002,fnn,integrated_gradients_steps50,negative,0.9815,negative,True,0.6,0.6,0.659853,1.0,1.0,0.674963,지루하고 | 배우들 | 별로네요,스토리가 | 지루하고 | 배우들 | 연기도 | 별로네요,custom
case_003,fnn,integrated_gradients_steps50,positive,0.6427,positive,True,0.6,0.6,0.418113,1.0,0.666667,0.614528,처음엔 | 지루했는데 | 재미있어지네요,처음엔 | 지루했는데 | 갈수록 | 정말 | 재미있어지네요,custom
case_004,fnn,integrated_gradients_steps50,negative,0.8229,negative,True,0.5,0.5,0.633465,1.0,1.0,0.608366,연기는 | 명품인데 | 쓰레기네요,배우들의 | 연기는 | 명품인데 | 각본이 | 너무 | 쓰레기네요,custom
case_005,fnn,integrated_gradients_steps50,negative,0.8195,negative,True,0.25,0.222222,0.173358,0.893447,0.5,0.320412,와... | 돈을 | 대단하다,이런 | 영화에 | 내 | 피 | 같은 | 돈을 | 쓰다니 | 대단하다,custom
case_006,fnn,integrated_gradients_steps50,positive,0.759,negative,False,0.4,0.333333,0.172083,0.631647,0.5,0.361101,수면제 | 좋은 | 훌륭한,수면제 | 대신 | 보면 | 딱 | 좋은,custom
case_007,fnn,integrated_gradients_steps50,positive,0.9194,positive,True,0.333333,0.2,0.45911,0.650256,1.0,0.378983,와 | 진짜 | 꼭보세요,개존잼!!! | 꼭보세요 | ㅋㅋㅋ,custom
case_008,fnn,integrated_gradients_steps50,negative,0.996,negative,True,0.5,0.4,0.706095,0.753694,1.0,0.564578,시간낭비 | 지리구요 | ㅡㅡ,시간낭비 | 다신 | 안봄 | ㅡㅡ,custom
case_009,fnn,integrated_gradients_steps50,negative,0.8264,positive,False,0.5,0.4,0.508087,0.696633,1.0,0.506517,지루하긴 | 한데 | 멋있음,스토리가 | 지루하긴 | 배우들은 | 멋있음,custom
case_010,fnn,integrated_gradients_steps50,negative,0.9984,negative,True,1.0,1.0,0.977499,1.0,1.0,0.994375,개노잼임 | ㅡㅡ,개노잼임 | ㅡㅡ,custom
case_011,fnn,integrated_gradients_steps50,negative,0.992,negative,True,0.5,0.5,0.501504,1.0,1.0,0.575376,알바들만 | 돈 | 아깝다,평점 | 알바들만 | 넘치네 | 진짜 | 돈 | 아깝다,custom
case_012,fnn,integrated_gradients_steps50,positive,0.687,positive,True,0.375,0.375,0.17335,1.0,0.666667,0.418338,어설픈 | 가슴 | 수작.,어설픈 | 신파보다 | 백배 | 천배 | 낫다. | 가슴 | 먹먹해지는 | 수작.,custom
case_013,fnn,integrated_gradients_steps50,negative,0.9935,negative,True,0.6,0.6,0.836893,0.99608,1.0,0.718635,없음... | 때우기용도 | 안됨,재미는 | 없음... | 시간 | 때우기용도 | 안됨,custom
case_014,fnn,integrated_gradients_steps50,negative,0.9992,negative,True,0.5,0.5,0.721668,1.0,1.0,0.630417,개연성이 | 밥말아먹었나 | 스토리가,개연성이 | 밥말아먹었나 | 스토리가 | 왜 | 이 | 모양임?,custom
case_015,fnn,integrated_gradients_steps50,positive,0.9935,positive,True,0.375,0.375,0.680494,1.0,1.0,0.545123,음악 | 완벽하다. | 꼭,"연출, | 연기, | 음악 | 삼박자가 | 완벽하다. | 꼭 | 극장가서 | 보세요.",custom
case_016,fnn,integrated_gradients_steps50,negative,0.8794,negative,True,0.666667,0.5,0.461278,0.603707,1.0,0.564209,재밌다길래 | 개노잼임 | 절대보지마셈,진짜 | 개노잼임 | 절대보지마셈,custom
case_017,fnn,integrated_gradients_steps50,positive,0.9998,positive,True,0.4,0.333333,0.770628,0.691546,1.0,0.519722,오랜만에 | 따뜻해지는 | 강추!!,가슴 | 따뜻해지는 | 웰메이드 | 영화 | 강추!!,custom
case_018,fnn,integrated_gradients_steps50,negative,0.9951,negative,True,0.5,0.5,0.545244,0.964835,0.666667,0.581036,억지 | 감동 | 극혐,뻔하디 | 뻔한 | 억지 | 감동 | 짜내기 | 극혐,custom
case_019,fnn,integrated_gradients_steps50,negative,0.9872,negative,True,0.428571,0.428571,0.732391,0.905129,1.0,0.57601,돈이랑 | 감독 | 누구냐,내 | 돈이랑 | 시간 | 돌려내라 | 감독 | 누구냐 | 진짜,custom
case_020,fnn,integrated_gradients_steps50,positive,0.9265,positive,True,0.333333,0.285714,0.375701,0.57516,1.0,0.368295,힐링 | ㅠㅠ | 연기도,힐링 | 제대로 | 하고 | 옴 | 연기도 | 찰떡,custom
case_021,fnn,integrated_gradients_steps50,negative,0.9548,negative,True,0.428571,0.428571,0.677894,0.919846,1.0,0.564593,초반엔 | 산으로 | 어이없음,초반엔 | 오? | 후반 | 갈수록 | 산으로 | 가네 | 어이없음,custom
case_022,fnn,integrated_gradients_steps50,positive,0.9681,positive,True,0.4,0.333333,0.471322,0.653109,1.0,0.43913,인생작입니다. | 중에 | 최고라고,인생작입니다. | 감히 | 최고라고 | 말하고 | 싶네요.,custom
case_023,fnn,integrated_gradients_steps50,negative,0.9943,negative,True,0.75,0.75,0.792439,1.0,1.0,0.79811,지루해서 | 나왔어요 | 돈날림주의;;;,지루해서 | 중간에 | 나왔어요 | 돈날림주의;;;,custom
case_024,fnn,integrated_gradients_steps50,negative,0.9496,negative,True,0.272727,0.272727,0.642154,0.893018,1.0,0.458127,훌륭했지만 | 엉성해서 | 실망스러웠습니다.,연기도 | 좋고 | 영상도 | 아름답고 | 음악도 | 훌륭했지만 | 스토리가 | 너무 | 엉성해서 | 전체적으로는 | 실망스러웠습니다.,custom
case_025,fnn,integrated_gradients_steps50,positive,0.6236,positive,True,0.5,0.5,0.666317,0.799891,1.0,0.586563,제격임 | 유치하긴 | 좋네요,킬링타임으로 | 제격임 | 유치하긴 | 가볍게 | 웃기 | 좋네요,custom
case_026,fnn,integrated_gradients_steps50,positive,0.6697,positive,True,0.6,0.6,0.62281,0.943586,0.666667,0.65724,명작인데 | 억까들 | 많네,생각보다 | 완전 | 명작인데 | 억까들 | 많네,custom
case_027,fnn,integrated_gradients_steps50,negative,0.9725,negative,True,0.375,0.375,0.711992,1.0,1.0,0.552998,그냥 | 폭망 | 수준,원작 | 웹툰이 | 훨씬 | 나음.. | 실사화는 | 그냥 | 폭망 | 수준,custom
case_028,fnn,integrated_gradients_steps50,positive,0.9897,positive,True,0.333333,0.285714,0.490494,0.649567,1.0,0.408154,볼 | 인생 | 설렘,완전 | 인생 | 영화 | 건짐... | 설렘 | 터짐,custom
case_029,fnn,integrated_gradients_steps50,negative,0.9991,negative,True,0.428571,0.428571,0.705931,1.0,1.0,0.583626,1점도 | 아깝다 | 엉망진창임,1점도 | 아깝다 | 스토리 | 연출 | 캐스팅 | 다 | 엉망진창임,custom
case_030,fnn,integrated_gradients_steps50,positive,0.9994,positive,True,0.166667,0.125,0.510938,0.493208,1.0,0.291299,가슴 | 사실을 | 영화입니다.,잘 | 담아낸 | 의미 | 있는 | 영화입니다. | 먹먹하네요.,custom
case_001,fnn,integrated_gradients_steps100,positive,0.9372,positive,True,0.666667,0.5,0.820102,0.865039,1.0,0.693115,영화 | 재미있어요 | 추천합니다,정말 | 재미있어요 | 추천합니다,custom
case_002,fnn,integrated_gradients_steps100,negative,0.9815,negative,True,0.6,0.6,0.662891,1.0,1.0,0.675723,지루하고 | 배우들 | 별로네요,스토리가 | 지루하고 | 배우들 | 연기도 | 별로네요,custom
case_003,fnn,integrated_gradients_steps100,positive,0.6427,positive,True,0.6,0.6,0.415856,1.0,0.666667,0.613964,처음엔 | 지루했는데 | 재미있어지네요,처음엔 | 지루했는데 | 갈수록 | 정말 | 재미있어지네요,custom
case_004,fnn,integrated_gradients_steps100,negative,0.8229,negative,True,0.5,0.5,0.633834,1.0,1.0,0.608459,연기는 | 명품인데 | 쓰레기네요,배우들의 | 연기는 | 명품인데 | 각본이 | 너무 | 쓰레기네요,custom
case_005,fnn,integrated_gradients_steps100,negative,0.8195,negative,True,0.25,0.222222,0.173878,0.893387,0.5,0.320533,와... | 돈을 | 대단하다,이런 | 영화에 | 내 | 피 | 같은 | 돈을 | 쓰다니 | 대단하다,custom
case_006,fnn,integrated_gradients_steps100,positive,0.759,negative,False,0.4,0.333333,0.171524,0.63211,0.5,0.361031,수면제 | 좋은 | 훌륭한,수면제 | 대신 | 보면 | 딱 | 좋은,custom
case_007,fnn,integrated_gradients_steps100,positive,0.9194,positive,True,0.333333,0.2,0.456886,0.646582,1.0,0.377875,와 | 진짜 | 꼭보세요,개존잼!!! | 꼭보세요 | ㅋㅋㅋ,custom
case_008,fnn,integrated_gradients_steps100,negative,0.996,negative,True,0.5,0.4,0.70598,0.751289,1.0,0.564188,시간낭비 | 지리구요 | ㅡㅡ,시간낭비 | 다신 | 안봄 | ㅡㅡ,custom
case_009,fnn,integrated_gradients_steps100,negative,0.8264,positive,False,0.5,0.4,0.509316,0.697291,1.0,0.506923,지루하긴 | 한데 | 멋있음,스토리가 | 지루하긴 | 배우들은 | 멋있음,custom
case_010,fnn,integrated_gradients_steps100,negative,0.9984,negative,True,1.0,1.0,0.978262,1.0,1.0,0.994566,개노잼임 | ㅡㅡ,개노잼임 | ㅡㅡ,custom
case_011,fnn,integrated_gradients_steps100,negative,0.992,negative,True,0.5,0.5,0.498533,1.0,1.0,0.574633,알바들만 | 돈 | 아깝다,평점 | 알바들만 | 넘치네 | 진짜 | 돈 | 아깝다,custom
case_012,fnn,integrated_gradients_steps100,positive,0.687,positive,True,0.375,0.375,0.174399,1.0,0.666667,0.4186,어설픈 | 가슴 | 수작.,어설픈 | 신파보다 | 백배 | 천배 | 낫다. | 가슴 | 먹먹해지는 | 수작.,custom
case_013,fnn,integrated_gradients_steps100,negative,0.9935,negative,True,0.6,0.6,0.837282,0.99692,1.0,0.718859,없음... | 때우기용도 | 안됨,재미는 | 없음... | 시간 | 때우기용도 | 안됨,custom
case_014,fnn,integrated_gradients_steps100,negative,0.9992,negative,True,0.5,0.5,0.715615,1.0,1.0,0.628904,개연성이 | 밥말아먹었나 | 스토리가,개연성이 | 밥말아먹었나 | 스토리가 | 왜 | 이 | 모양임?,custom
case_015,fnn,integrated_gradients_steps100,positive,0.9935,positive,True,0.375,0.375,0.691051,1.0,1.0,0.547763,음악 | 완벽하다. | 꼭,"연출, | 연기, | 음악 | 삼박자가 | 완벽하다. | 꼭 | 극장가서 | 보세요.",custom
case_016,fnn,integrated_gradients_steps100,negative,0.8794,negative,True,0.666667,0.5,0.460643,0.60247,1.0,0.563865,재밌다길래 | 개노잼임 | 절대보지마셈,진짜 | 개노잼임 | 절대보지마셈,custom
case_017,fnn,integrated_gradients_steps100,positive,0.9998,positive,True,0.4,0.333333,0.766783,0.685949,1.0,0.517921,오랜만에 | 따뜻해지는 | 강추!!,가슴 | 따뜻해지는 | 웰메이드 | 영화 | 강추!!,custom
case_018,fnn,integrated_gradients_steps100,negative,0.9951,negative,True,0.5,0.5,0.545679,0.961867,0.666667,0.5807,억지 | 감동 | 극혐,뻔하디 | 뻔한 | 억지 | 감동 | 짜내기 | 극혐,custom
case_019,fnn,integrated_gradients_steps100,negative,0.9872,negative,True,0.428571,0.428571,0.734412,0.901154,1.0,0.575919,돈이랑 | 감독 | 누구냐,내 | 돈이랑 | 시간 | 돌려내라 | 감독 | 누구냐 | 진짜,custom
case_020,fnn,integrated_gradients_steps100,positive,0.9265,positive,True,0.333333,0.285714,0.375687,0.574847,1.0,0.368244,힐링 | ㅠㅠ | 연기도,힐링 | 제대로 | 하고 | 옴 | 연기도 | 찰떡,custom
case_021,fnn,integrated_gradients_steps100,negative,0.9548,negative,True,0.428571,0.428571,0.678309,0.92022,1.0,0.564753,초반엔 | 산으로 | 어이없음,초반엔 | 오? | 후반 | 갈수록 | 산으로 | 가네 | 어이없음,custom
case_022,fnn,integrated_gradients_steps100,positive,0.9681,positive,True,0.4,0.333333,0.463837,0.653969,1.0,0.437388,인생작입니다. | 중에 | 최고라고,인생작입니다. | 감히 | 최고라고 | 말하고 | 싶네요.,custom
case_023,fnn,integrated_gradients_steps100,negative,0.9943,negative,True,0.75,0.75,0.787007,1.0,1.0,0.796752,지루해서 | 나왔어요 | 돈날림주의;;;,지루해서 | 중간에 | 나왔어요 | 돈날림주의;;;,custom
case_024,fnn,integrated_gradients_steps100,negative,0.9496,negative,True,0.272727,0.272727,0.642283,0.892257,1.0,0.458046,훌륭했지만 | 엉성해서 | 실망스러웠습니다.,연기도 | 좋고 | 영상도 | 아름답고 | 음악도 | 훌륭했지만 | 스토리가 | 너무 | 엉성해서 | 전체적으로는 | 실망스러웠습니다.,custom
case_025,fnn,integrated_gradients_steps100,positive,0.6236,positive,True,0.5,0.5,0.664986,0.7995,1.0,0.586171,제격임 | 유치하긴 | 좋네요,킬링타임으로 | 제격임 | 유치하긴 | 가볍게 | 웃기 | 좋네요,custom
case_026,fnn,integrated_gradients_steps100,positive,0.6697,positive,True,0.6,0.6,0.628378,0.941089,0.666667,0.658258,명작인데 | 억까들 | 많네,생각보다 | 완전 | 명작인데 | 억까들 | 많네,custom
case_027,fnn,integrated_gradients_steps100,negative,0.9725,negative,True,0.375,0.375,0.707783,1.0,0.666667,0.551946,나음.. | 그냥 | 폭망,원작 | 웹툰이 | 훨씬 | 나음.. | 실사화는 | 그냥 | 폭망 | 수준,custom
case_028,fnn,integrated_gradients_steps100,positive,0.9897,positive,True,0.333333,0.285714,0.493002,0.651059,1.0,0.409004,볼 | 인생 | 설렘,완전 | 인생 | 영화 | 건짐... | 설렘 | 터짐,custom
case_029,fnn,integrated_gradients_steps100,negative,0.9991,negative,True,0.428571,0.428571,0.711132,1.0,1.0,0.584926,1점도 | 아깝다 | 엉망진창임,1점도 | 아깝다 | 스토리 | 연출 | 캐스팅 | 다 | 엉망진창임,custom
case_030,fnn,integrated_gradients_steps100,positive,0.9994,positive,True,0.166667,0.125,0.515163,0.496824,1.0,0.292898,가슴 | 사실을 | 영화입니다.,잘 | 담아낸 | 의미 | 있는 | 영화입니다. | 먹먹하네요.,custom
case_001,transformer,occlusion,positive,0.9957661628723145,positive,True,0.666667,0.5,0.810612,0.848306,1.0,0.688232,영화 | 재미있어요 | 추천합니다,정말 | 재미있어요 | 추천합니다,custom
case_002,transformer,occlusion,negative,0.9746791124343872,negative,True,0.6,0.6,0.823619,1.0,1.0,0.715905,지루하고 | 연기도 | 별로네요,스토리가 | 지루하고 | 배우들 | 연기도 | 별로네요,custom
case_003,transformer,occlusion,positive,0.9952811598777771,positive,True,0.6,0.6,0.564593,1.0,0.666667,0.651148,지루했는데 | 갈수록 | 재미있어지네요,처음엔 | 지루했는데 | 갈수록 | 정말 | 재미있어지네요,custom
case_004,transformer,occlusion,negative,0.9537579417228699,negative,True,0.5,0.5,-0.041828,1.0,0.666667,0.45,연기는 | 명품인데 | 쓰레기네요,배우들의 | 연기는 | 명품인데 | 각본이 | 너무 | 쓰레기네요,custom
case_005,transformer,occlusion,negative,0.9429766535758972,negative,True,0.375,0.375,0.52735,0.998854,1.0,0.506666,이런 | 영화에 | 쓰다니,이런 | 영화에 | 내 | 피 | 같은 | 돈을 | 쓰다니 | 대단하다,custom
case_006,transformer,occlusion,negative,0.920015275478363,negative,True,0.6,0.6,0.477253,0.969193,1.0,0.624692,수면제 | 보면 | 딱,수면제 | 대신 | 보면 | 딱 | 좋은,custom
case_007,transformer,occlusion,positive,0.9955333471298218,positive,True,0.666667,0.5,0.846682,0.963021,1.0,0.714457,진짜 | 개존잼!!! | 꼭보세요,개존잼!!! | 꼭보세요 | ㅋㅋㅋ,custom
case_008,transformer,occlusion,negative,0.9699409604072571,negative,True,0.75,0.75,0.723349,0.872532,1.0,0.761717,시간낭비 | 다신 | 안봄,시간낭비 | 다신 | 안봄 | ㅡㅡ,custom
case_009,transformer,occlusion,negative,0.9219181537628174,positive,False,0.5,0.4,-0.532399,0.978896,0.5,0.421834,스토리가 | 한데 | 배우들은,스토리가 | 지루하긴 | 배우들은 | 멋있음,custom
case_010,transformer,occlusion,negative,0.9724321365356445,negative,True,1.0,1.0,0.923762,1.0,1.0,0.980941,개노잼임 | ㅡㅡ,개노잼임 | ㅡㅡ,custom
case_011,transformer,occlusion,negative,0.97320955991745,negative,True,0.5,0.5,0.685508,1.0,1.0,0.621377,넘치네 | 진짜 | 아깝다,평점 | 알바들만 | 넘치네 | 진짜 | 돈 | 아깝다,custom
case_012,transformer,occlusion,positive,0.9957440495491028,positive,True,0.375,0.375,0.616815,1.0,1.0,0.529204,신파보다 | 먹먹해지는 | 수작.,어설픈 | 신파보다 | 백배 | 천배 | 낫다. | 가슴 | 먹먹해지는 | 수작.,custom
case_013,transformer,occlusion,negative,0.9739834666252136,negative,True,0.6,0.6,0.832186,0.992337,1.0,0.716897,재미는 | 없음... | 때우기용도,재미는 | 없음... | 시간 | 때우기용도 | 안됨,custom
case_014,transformer,occlusion,negative,0.9682220220565796,negative,True,0.5,0.5,0.692049,1.0,1.0,0.623012,밥말아먹었나 | 스토리가 | 모양임?,개연성이 | 밥말아먹었나 | 스토리가 | 왜 | 이 | 모양임?,custom
case_015,transformer,occlusion,positive,0.9939623475074768,positive,True,0.375,0.375,0.7326,1.0,1.0,0.55815,완벽하다. | 꼭 | 보세요.,"연출, | 연기, | 음악 | 삼박자가 | 완벽하다. | 꼭 | 극장가서 | 보세요.",custom
case_016,transformer,occlusion,negative,0.9743292927742004,negative,True,0.666667,0.5,0.711715,0.855313,1.0,0.664559,재밌다길래 | 개노잼임 | 절대보지마셈,진짜 | 개노잼임 | 절대보지마셈,custom
case_017,transformer,occlusion,positive,0.9961435794830322,positive,True,0.4,0.333333,0.652574,0.692224,1.0,0.490311,따뜻해지는 | 웰메이드 | 봤네요.,가슴 | 따뜻해지는 | 웰메이드 | 영화 | 강추!!,custom
case_018,transformer,occlusion,negative,0.9690886735916138,negative,True,0.5,0.5,0.80557,0.930956,1.0,0.641036,뻔하디 | 억지 | 극혐,뻔하디 | 뻔한 | 억지 | 감동 | 짜내기 | 극혐,custom
case_019,transformer,occlusion,negative,0.9596322178840637,negative,True,0.428571,0.428571,0.645544,0.97933,1.0,0.565428,돈이랑 | 돌려내라 | 감독,내 | 돈이랑 | 시간 | 돌려내라 | 감독 | 누구냐 | 진짜,custom
case_020,transformer,occlusion,positive,0.9943086504936218,positive,True,0.5,0.5,0.623057,0.874894,1.0,0.586998,힐링 | 연기도 | 찰떡,힐링 | 제대로 | 하고 | 옴 | 연기도 | 찰떡,custom
case_021,transformer,occlusion,negative,0.9735549688339233,negative,True,0.428571,0.428571,0.664367,0.944377,1.0,0.564891,갈수록 | 산으로 | 어이없음,초반엔 | 오? | 후반 | 갈수록 | 산으로 | 가네 | 어이없음,custom
case_022,transformer,occlusion,positive,0.9960350394248962,positive,True,0.6,0.6,0.759086,0.929363,1.0,0.689176,인생작입니다. | 최고라고 | 싶네요.,인생작입니다. | 감히 | 최고라고 | 말하고 | 싶네요.,custom
case_023,transformer,occlusion,negative,0.9721331596374512,negative,True,0.75,0.75,0.792883,1.0,1.0,0.798221,지루해서 | 나왔어요 | 돈날림주의;;;,지루해서 | 중간에 | 나왔어요 | 돈날림주의;;;,custom
case_024,transformer,occlusion,negative,0.8621509671211243,negative,True,0.181818,0.166667,0.019168,0.844387,0.5,0.236753,훌륭했지만 | 정작 | 실망스러웠습니다.,연기도 | 좋고 | 영상도 | 아름답고 | 음악도 | 훌륭했지만 | 스토리가 | 너무 | 엉성해서 | 전체적으로는 | 실망스러웠습니다.,custom
case_025,transformer,occlusion,positive,0.9952421188354492,positive,True,0.5,0.5,0.691089,0.846397,1.0,0.599732,킬링타임으로 | 제격임 | 좋네요,킬링타임으로 | 제격임 | 유치하긴 | 가볍게 | 웃기 | 좋네요,custom
case_026,transformer,occlusion,positive,0.995578944683075,positive,True,0.4,0.333333,0.520952,0.990741,0.5,0.502183,이럼? | 명작인데 | 억까들,생각보다 | 완전 | 명작인데 | 억까들 | 많네,custom
case_027,transformer,occlusion,negative,0.9653148055076599,negative,True,0.375,0.375,0.799501,1.0,1.0,0.574875,나음.. | 폭망 | 수준,원작 | 웹툰이 | 훨씬 | 나음.. | 실사화는 | 그냥 | 폭망 | 수준,custom
case_028,transformer,occlusion,positive,0.994411051273346,positive,True,0.5,0.5,0.716613,0.886558,1.0,0.612137,완전 | 인생 | 설렘,완전 | 인생 | 영화 | 건짐... | 설렘 | 터짐,custom
case_029,transformer,occlusion,negative,0.9730837941169739,negative,True,0.428571,0.428571,0.502612,1.0,1.0,0.532796,아깝다 | 스토리 | 엉망진창임,1점도 | 아깝다 | 스토리 | 연출 | 캐스팅 | 다 | 엉망진창임,custom
case_030,transformer,occlusion,positive,0.9960455298423767,positive,True,0.5,0.5,0.542016,0.913121,1.0,0.572472,담아낸 | 영화입니다. | 먹먹하네요.,잘 | 담아낸 | 의미 | 있는 | 영화입니다. | 먹먹하네요.,custom
case_001,transformer,integrated_gradients_steps50,positive,0.9957661628723145,positive,True,1.0,1.0,0.900397,0.829836,1.0,0.949574,정말 | 재미있어요 | 추천합니다,정말 | 재미있어요 | 추천합니다,custom
case_002,transformer,integrated_gradients_steps50,negative,0.9746791124343872,negative,True,0.6,0.6,-0.846704,1.0,0.0,0.51,스토리가 | 연기도 | 별로네요,스토리가 | 지루하고 | 배우들 | 연기도 | 별로네요,custom
case_003,transformer,integrated_gradients_steps50,positive,0.9952811598777771,positive,True,0.6,0.6,0.792081,1.0,1.0,0.70802,처음엔 | 정말 | 재미있어지네요,처음엔 | 지루했는데 | 갈수록 | 정말 | 재미있어지네요,custom
case_004,transformer,integrated_gradients_steps50,negative,0.9537579417228699,negative,True,0.5,0.5,-0.062013,1.0,0.333333,0.45,각본이 | 너무 | 쓰레기네요,배우들의 | 연기는 | 명품인데 | 각본이 | 너무 | 쓰레기네요,custom
case_005,transformer,integrated_gradients_steps50,negative,0.9429766535758972,negative,True,0.375,0.375,0.029021,0.934083,0.666667,0.372368,이런 | 내 | 쓰다니,이런 | 영화에 | 내 | 피 | 같은 | 돈을 | 쓰다니 | 대단하다,custom
case_006,transformer,integrated_gradients_steps50,negative,0.920015275478363,negative,True,0.2,0.142857,0.363166,0.400558,1.0,0.256589,딱 | 훌륭한 | 영화입니다,수면제 | 대신 | 보면 | 딱 | 좋은,custom
case_007,transformer,integrated_gradients_steps50,positive,0.9955333471298218,positive,True,1.0,1.0,0.907309,0.892749,1.0,0.96074,개존잼!!! | 꼭보세요 | ㅋㅋㅋ,개존잼!!! | 꼭보세요 | ㅋㅋㅋ,custom
case_008,transformer,integrated_gradients_steps50,negative,0.9699409604072571,negative,True,0.75,0.75,0.616125,0.845536,0.666667,0.730862,시간낭비 | 다신 | 안봄,시간낭비 | 다신 | 안봄 | ㅡㅡ,custom
case_009,transformer,integrated_gradients_steps50,negative,0.9219181537628174,positive,False,0.75,0.75,0.307795,0.921687,0.666667,0.665202,지루하긴 | 배우들은 | 멋있음,스토리가 | 지루하긴 | 배우들은 | 멋있음,custom
case_010,transformer,integrated_gradients_steps50,negative,0.9724321365356445,negative,True,1.0,1.0,0.999001,1.0,1.0,0.99975,개노잼임 | ㅡㅡ,개노잼임 | ㅡㅡ,custom
case_011,transformer,integrated_gradients_steps50,negative,0.97320955991745,negative,True,0.5,0.5,0.426464,1.0,0.666667,0.556616,알바들만 | 돈 | 아깝다,평점 | 알바들만 | 넘치네 | 진짜 | 돈 | 아깝다,custom
case_012,transformer,integrated_gradients_steps50,positive,0.9957440495491028,positive,True,0.375,0.375,0.66644,1.0,1.0,0.54161,신파보다 | 백배 | 수작.,어설픈 | 신파보다 | 백배 | 천배 | 낫다. | 가슴 | 먹먹해지는 | 수작.,custom
case_013,transformer,integrated_gradients_steps50,negative,0.9739834666252136,negative,True,0.6,0.6,0.873492,0.983017,1.0,0.725826,재미는 | 없음... | 때우기용도,재미는 | 없음... | 시간 | 때우기용도 | 안됨,custom
case_014,transformer,integrated_gradients_steps50,negative,0.9682220220565796,negative,True,0.5,0.5,0.652687,1.0,1.0,0.613172,밥말아먹었나 | 이 | 모양임?,개연성이 | 밥말아먹었나 | 스토리가 | 왜 | 이 | 모양임?,custom
case_015,transformer,integrated_gradients_steps50,positive,0.9939623475074768,positive,True,0.375,0.375,0.88106,1.0,1.0,0.595265,삼박자가 | 극장가서 | 보세요.,"연출, | 연기, | 음악 | 삼박자가 | 완벽하다. | 꼭 | 극장가서 | 보세요.",custom
case_016,transformer,integrated_gradients_steps50,negative,0.9743292927742004,negative,True,0.666667,0.5,0.610362,0.667565,1.0,0.611059,하도 | 개노잼임 | 절대보지마셈,진짜 | 개노잼임 | 절대보지마셈,custom
case_017,transformer,integrated_gradients_steps50,positive,0.9961435794830322,positive,True,0.6,0.6,0.850722,0.72272,1.0,0.681089,따뜻해지는 | 웰메이드 | 강추!!,가슴 | 따뜻해지는 | 웰메이드 | 영화 | 강추!!,custom
case_018,transformer,integrated_gradients_steps50,negative,0.9690886735916138,negative,True,0.5,0.5,0.549997,0.853479,0.666667,0.565521,억지 | 감동 | 극혐,뻔하디 | 뻔한 | 억지 | 감동 | 짜내기 | 극혐,custom
case_019,transformer,integrated_gradients_steps50,negative,0.9596322178840637,negative,True,0.285714,0.25,0.601924,0.826152,1.0,0.436904,내 | 시간 | ㅋㅋㅋ,내 | 돈이랑 | 시간 | 돌려내라 | 감독 | 누구냐 | 진짜,custom
case_020,transformer,integrated_gradients_steps50,positive,0.9943086504936218,positive,True,0.5,0.5,0.786192,0.807548,1.0,0.61768,힐링 | 옴 | 찰떡,힐링 | 제대로 | 하고 | 옴 | 연기도 | 찰떡,custom
case_021,transformer,integrated_gradients_steps50,negative,0.9735549688339233,negative,True,0.428571,0.428571,0.596068,0.924245,1.0,0.544797,오? | 산으로 | 어이없음,초반엔 | 오? | 후반 | 갈수록 | 산으로 | 가네 | 어이없음,custom
case_022,transformer,integrated_gradients_steps50,positive,0.9960350394248962,positive,True,0.6,0.6,0.648994,0.572703,1.0,0.608154,인생작입니다. | 최고라고 | 싶네요.,인생작입니다. | 감히 | 최고라고 | 말하고 | 싶네요.,custom
case_023,transformer,integrated_gradients_steps50,negative,0.9721331596374512,negative,True,0.75,0.75,0.550013,1.0,0.666667,0.737503,지루해서 | 중간에 | 돈날림주의;;;,지루해서 | 중간에 | 나왔어요 | 돈날림주의;;;,custom
case_024,transformer,integrated_gradients_steps50,negative,0.8621509671211243,negative,True,0.272727,0.272727,0.71596,0.978053,1.0,0.489334,좋고 | 아름답고 | 실망스러웠습니다.,연기도 | 좋고 | 영상도 | 아름답고 | 음악도 | 훌륭했지만 | 스토리가 | 너무 | 엉성해서 | 전체적으로는 | 실망스러웠습니다.,custom
case_025,transformer,integrated_gradients_steps50,positive,0.9952421188354492,positive,True,0.333333,0.285714,0.663183,0.874818,1.0,0.485114,제격임 | ㅋㅋ | 좋네요,킬링타임으로 | 제격임 | 유치하긴 | 가볍게 | 웃기 | 좋네요,custom
case_026,transformer,integrated_gradients_steps50,positive,0.995578944683075,positive,True,0.4,0.333333,0.45676,0.771594,0.5,0.453262,왜 | 명작인데 | 억까들,생각보다 | 완전 | 명작인데 | 억까들 | 많네,custom
case_027,transformer,integrated_gradients_steps50,negative,0.9653148055076599,negative,True,0.375,0.375,0.796599,1.0,1.0,0.57415,실사화는 | 폭망 | 수준,원작 | 웹툰이 | 훨씬 | 나음.. | 실사화는 | 그냥 | 폭망 | 수준,custom
case_028,transformer,integrated_gradients_steps50,positive,0.994411051273346,positive,True,0.5,0.5,0.780889,0.885416,1.0,0.628035,인생 | 설렘 | 터짐,완전 | 인생 | 영화 | 건짐... | 설렘 | 터짐,custom
case_029,transformer,integrated_gradients_steps50,negative,0.9730837941169739,negative,True,0.428571,0.428571,0.304458,1.0,0.666667,0.483257,아깝다 | 캐스팅 | 엉망진창임,1점도 | 아깝다 | 스토리 | 연출 | 캐스팅 | 다 | 엉망진창임,custom
case_030,transformer,integrated_gradients_steps50,positive,0.9960455298423767,positive,True,0.5,0.5,0.665777,0.734094,1.0,0.576558,잘 | 담아낸 | 먹먹하네요.,잘 | 담아낸 | 의미 | 있는 | 영화입니다. | 먹먹하네요.,custom
case_001,transformer,integrated_gradients_steps100,positive,0.9957661628723145,positive,True,1.0,1.0,0.900241,0.829738,1.0,0.949521,정말 | 재미있어요 | 추천합니다,정말 | 재미있어요 | 추천합니다,custom
case_002,transformer,integrated_gradients_steps100,negative,0.9746791124343872,negative,True,0.6,0.6,0.493352,1.0,0.666667,0.633338,스토리가 | 연기도 | 별로네요,스토리가 | 지루하고 | 배우들 | 연기도 | 별로네요,custom
case_003,transformer,integrated_gradients_steps100,positive,0.9952811598777771,positive,True,0.6,0.6,0.781316,1.0,1.0,0.705329,처음엔 | 정말 | 재미있어지네요,처음엔 | 지루했는데 | 갈수록 | 정말 | 재미있어지네요,custom
case_004,transformer,integrated_gradients_steps100,negative,0.9537579417228699,negative,True,0.5,0.5,0.233968,1.0,0.333333,0.508492,각본이 | 너무 | 쓰레기네요,배우들의 | 연기는 | 명품인데 | 각본이 | 너무 | 쓰레기네요,custom
case_005,transformer,integrated_gradients_steps100,negative,0.9429766535758972,negative,True,0.375,0.375,0.087262,0.93721,0.666667,0.387397,이런 | 내 | 쓰다니,이런 | 영화에 | 내 | 피 | 같은 | 돈을 | 쓰다니 | 대단하다,custom
case_006,transformer,integrated_gradients_steps100,negative,0.920015275478363,negative,True,0.2,0.142857,0.41524,0.432893,1.0,0.274458,딱 | 훌륭한 | 영화입니다,수면제 | 대신 | 보면 | 딱 | 좋은,custom
case_007,transformer,integrated_gradients_steps100,positive,0.9955333471298218,positive,True,1.0,1.0,0.947827,0.897461,1.0,0.971576,개존잼!!! | 꼭보세요 | ㅋㅋㅋ,개존잼!!! | 꼭보세요 | ㅋㅋㅋ,custom
case_008,transformer,integrated_gradients_steps100,negative,0.9699409604072571,negative,True,0.75,0.75,0.683447,0.86219,1.0,0.75019,시간낭비 | 안봄 | ㅡㅡ,시간낭비 | 다신 | 안봄 | ㅡㅡ,custom
case_009,transformer,integrated_gradients_steps100,negative,0.9219181537628174,positive,False,0.75,0.75,0.140802,0.948879,0.666667,0.627532,지루하긴 | 배우들은 | 멋있음,스토리가 | 지루하긴 | 배우들은 | 멋있음,custom
case_010,transformer,integrated_gradients_steps100,negative,0.9724321365356445,negative,True,1.0,1.0,0.999462,1.0,1.0,0.999865,개노잼임 | ㅡㅡ,개노잼임 | ㅡㅡ,custom
case_011,transformer,integrated_gradients_steps100,negative,0.97320955991745,negative,True,0.5,0.5,0.433717,1.0,0.666667,0.558429,평점 | 돈 | 아깝다,평점 | 알바들만 | 넘치네 | 진짜 | 돈 | 아깝다,custom
case_012,transformer,integrated_gradients_steps100,positive,0.9957440495491028,positive,True,0.375,0.375,0.659312,1.0,1.0,0.539828,신파보다 | 백배 | 수작.,어설픈 | 신파보다 | 백배 | 천배 | 낫다. | 가슴 | 먹먹해지는 | 수작.,custom
case_013,transformer,integrated_gradients_steps100,negative,0.9739834666252136,negative,True,0.6,0.6,0.899022,0.982413,1.0,0.732117,재미는 | 없음... | 때우기용도,재미는 | 없음... | 시간 | 때우기용도 | 안됨,custom
case_014,transformer,integrated_gradients_steps100,negative,0.9682220220565796,negative,True,0.5,0.5,0.680609,1.0,1.0,0.620152,밥말아먹었나 | 스토리가 | 모양임?,개연성이 | 밥말아먹었나 | 스토리가 | 왜 | 이 | 모양임?,custom
case_015,transformer,integrated_gradients_steps100,positive,0.9939623475074768,positive,True,0.375,0.375,0.881116,1.0,1.0,0.595279,삼박자가 | 극장가서 | 보세요.,"연출, | 연기, | 음악 | 삼박자가 | 완벽하다. | 꼭 | 극장가서 | 보세요.",custom
case_016,transformer,integrated_gradients_steps100,negative,0.9743292927742004,negative,True,0.666667,0.5,0.569834,0.622079,1.0,0.594104,하도 | 개노잼임 | 절대보지마셈,진짜 | 개노잼임 | 절대보지마셈,custom
case_017,transformer,integrated_gradients_steps100,positive,0.9961435794830322,positive,True,0.6,0.6,0.862242,0.739392,1.0,0.686469,따뜻해지는 | 웰메이드 | 강추!!,가슴 | 따뜻해지는 | 웰메이드 | 영화 | 강추!!,custom
case_018,transformer,integrated_gradients_steps100,negative,0.9690886735916138,negative,True,0.5,0.5,0.53669,0.838748,0.666667,0.559985,억지 | 감동 | 극혐,뻔하디 | 뻔한 | 억지 | 감동 | 짜내기 | 극혐,custom
case_019,transformer,integrated_gradients_steps100,negative,0.9596322178840637,negative,True,0.285714,0.25,0.648868,0.837165,1.0,0.450292,내 | 시간 | ㅋㅋㅋ,내 | 돈이랑 | 시간 | 돌려내라 | 감독 | 누구냐 | 진짜,custom
case_020,transformer,integrated_gradients_steps100,positive,0.9943086504936218,positive,True,0.5,0.5,0.763229,0.793592,1.0,0.609846,힐링 | 옴 | 찰떡,힐링 | 제대로 | 하고 | 옴 | 연기도 | 찰떡,custom
case_021,transformer,integrated_gradients_steps100,negative,0.9735549688339233,negative,True,0.428571,0.428571,0.590323,0.955664,1.0,0.548073,오? | 산으로 | 어이없음,초반엔 | 오? | 후반 | 갈수록 | 산으로 | 가네 | 어이없음,custom
case_022,transformer,integrated_gradients_steps100,positive,0.9960350394248962,positive,True,0.6,0.6,0.646409,0.561075,1.0,0.605763,인생작입니다. | 최고라고 | 싶네요.,인생작입니다. | 감히 | 최고라고 | 말하고 | 싶네요.,custom
case_023,transformer,integrated_gradients_steps100,negative,0.9721331596374512,negative,True,0.75,0.75,0.50914,1.0,0.666667,0.727285,지루해서 | 중간에 | 돈날림주의;;;,지루해서 | 중간에 | 나왔어요 | 돈날림주의;;;,custom
case_024,transformer,integrated_gradients_steps100,negative,0.8621509671211243,negative,True,0.272727,0.272727,0.674211,0.974671,1.0,0.47839,좋고 | 아름답고 | 실망스러웠습니다.,연기도 | 좋고 | 영상도 | 아름답고 | 음악도 | 훌륭했지만 | 스토리가 | 너무 | 엉성해서 | 전체적으로는 | 실망스러웠습니다.,custom
case_025,transformer,integrated_gradients_steps100,positive,0.9952421188354492,positive,True,0.333333,0.285714,0.664904,0.877905,1.0,0.486007,제격임 | ㅋㅋ | 좋네요,킬링타임으로 | 제격임 | 유치하긴 | 가볍게 | 웃기 | 좋네요,custom
case_026,transformer,integrated_gradients_steps100,positive,0.995578944683075,positive,True,0.4,0.333333,0.490725,0.789416,0.5,0.464427,이럼? | 명작인데 | 억까들,생각보다 | 완전 | 명작인데 | 억까들 | 많네,custom
case_027,transformer,integrated_gradients_steps100,negative,0.9653148055076599,negative,True,0.375,0.375,0.723223,1.0,1.0,0.555806,그냥 | 폭망 | 수준,원작 | 웹툰이 | 훨씬 | 나음.. | 실사화는 | 그냥 | 폭망 | 수준,custom
case_028,transformer,integrated_gradients_steps100,positive,0.994411051273346,positive,True,0.5,0.5,0.81008,0.888573,1.0,0.635806,인생 | 설렘 | 터짐,완전 | 인생 | 영화 | 건짐... | 설렘 | 터짐,custom
case_029,transformer,integrated_gradients_steps100,negative,0.9730837941169739,negative,True,0.428571,0.428571,0.490042,1.0,1.0,0.529653,아깝다 | 다 | 엉망진창임,1점도 | 아깝다 | 스토리 | 연출 | 캐스팅 | 다 | 엉망진창임,custom
case_030,transformer,integrated_gradients_steps100,positive,0.9960455298423767,positive,True,0.5,0.5,0.65437,0.734722,1.0,0.573801,잘 | 담아낸 | 먹먹하네요.,잘 | 담아낸 | 의미 | 있는 | 영화입니다. | 먹먹하네요.,custom
